"['(0.5, 1, 0.75), steps']",[670],[955],[909],[773],[809],[792],[618],[728],[838],[638],"[(773.0, 'mean')]","[(618, 'min')]","[(955, 'max')]","[(3.2754237288135593, 'rate exploration')]"
"['(0.5, 1, 0.75), states']",[236],[236],[236],[236],[236],[236],[236],[236],[236],[236]
"['(0.5, 1, 0.75), dtg_vals']",[169.47056754064644],[123.87700663363216],[123.84331351198664],[144.928614535261],[135.98061734544083],[146.95982486405342],[176.36520893240888],[160.10951314400145],[143.66279522659],[171.08477644318515],"[(149.62822381772057, 'avg_dtg_val')]"
"['(0.5, 0.25, 1), steps']",[718],[682],[702],[743],[684],[614],[927],[653],[732],[665],"[(712.0, 'mean')]","[(614, 'min')]","[(927, 'max')]","[(3.016949152542373, 'rate exploration')]"
"['(0.5, 0.25, 1), states']",[236],[236],[236],[236],[236],[236],[236],[236],[236],[236]
"['(0.5, 0.25, 1), dtg_vals']",[352.8218834138717],[355.682700359737],[354.57853511991146],[350.09372604788086],[352.16166378397196],[363.1908620981714],[334.5007696631158],[360.4956720267288],[351.05386789888706],[356.7778064092234],"[(353.13574868214994, 'avg_dtg_val')]"
"['(0.75, 1.5, 0.1), steps']",[1058],[666],[905],[555],[826],[939],[927],[1014],[803],[726],"[(841.9, 'mean')]","[(555, 'min')]","[(1058, 'max')]","[(3.567372881355932, 'rate exploration')]"
"['(0.75, 1.5, 0.1), states']",[236],[236],[236],[236],[236],[236],[236],[236],[236],[236]
"['(0.75, 1.5, 0.1), dtg_vals']",[421.1924278754753],[421.1926007917819],[421.1924991011964],[421.19266036356487],[421.1925449054424],[421.19245611927715],[421.1924541868209],[421.1924549002927],[421.192577829319],[421.19255057623235],"[(421.1925226649402, 'avg_dtg_val')]"
"['(0.75, 0.5, 0.75), steps']",[709],[870],[659],[702],[743],[720],[602],[892],[679],[554],"[(713.0, 'mean')]","[(554, 'min')]","[(892, 'max')]","[(3.0211864406779663, 'rate exploration')]"
"['(0.75, 0.5, 0.75), states']",[236],[236],[236],[236],[236],[236],[236],[236],[236],[236]
"['(0.75, 0.5, 0.75), dtg_vals']",[160.83935992976376],[134.99370900636768],[174.6200983237692],[167.00868139179096],[155.68728821533722],[159.7586316134826],[184.74622957522402],[138.65675336820047],[175.11548037190238],[199.49200533253907],"[(165.09182371283774, 'avg_dtg_val')]"
"['(0.5, 0.5, 0.25), steps']",[886],[886],[726],[906],[762],[874],[715],[710],[827],[654],"[(794.6, 'mean')]","[(654, 'min')]","[(906, 'max')]","[(3.366949152542373, 'rate exploration')]"
"['(0.5, 0.5, 0.25), states']",[236],[236],[236],[236],[236],[236],[236],[236],[236],[236]
"['(0.5, 0.5, 0.25), dtg_vals']",[203.3291139280876],[203.16940594879935],[231.84296639578218],[197.39536221301],[219.2522757552233],[208.04445263054055],[224.89852022171922],[240.6852808043247],[216.595619158282],[236.14719495239538],"[(218.1360192008164, 'avg_dtg_val')]"
"['(0.75, 1.5, 0.25), steps']",[672],[857],[813],[596],[841],[662],[641],[714],[974],[625],"[(739.5, 'mean')]","[(596, 'min')]","[(974, 'max')]","[(3.1334745762711864, 'rate exploration')]"
"['(0.75, 1.5, 0.25), states']",[236],[236],[236],[236],[236],[236],[236],[236],[236],[236]
"['(0.75, 1.5, 0.25), dtg_vals']",[408.0978735923719],[404.17413178395145],[405.92300032539293],[409.4466641081727],[403.82982649026764],[408.1449121434515],[408.63294823189483],[407.1365896638841],[402.5737253179966],[408.5132251149622],"[(406.64728967723465, 'avg_dtg_val')]"
"['(0.5, 0.1, 1.25), steps']",[857],[609],[868],[625],[1027],[590],[784],[711],[925],[884],"[(788.0, 'mean')]","[(590, 'min')]","[(1027, 'max')]","[(3.3389830508474576, 'rate exploration')]"
"['(0.5, 0.1, 1.25), states']",[236],[236],[236],[236],[236],[236],[236],[236],[236],[236]
"['(0.5, 0.1, 1.25), dtg_vals']",[421.19061987928575],[421.191360104026],[421.19085192962666],[421.19135650043165],[421.19043254736977],[421.1914881481311],[421.1910886543273],[421.1910998682165],[421.1905468255843],[421.19062854205555],"[(421.1909472999055, 'avg_dtg_val')]"
"['(0.5, 0.75, 0.5), steps']",[884],[598],[681],[633],[976],[661],[809],[616],[848],[697],"[(740.3, 'mean')]","[(598, 'min')]","[(976, 'max')]","[(3.1368644067796607, 'rate exploration')]"
"['(0.5, 0.75, 0.5), states']",[236],[236],[236],[236],[236],[236],[236],[236],[236],[236]
"['(0.5, 0.75, 0.5), dtg_vals']",[141.37573302021315],[188.64965933051312],[173.79590535041592],[182.0057617547721],[121.40535546323497],[173.53291246531873],[144.12036711969438],[184.8198276437366],[141.63589340205993],[173.4122293178794],"[(162.47536448678383, 'avg_dtg_val')]"
"['(0.5, 0.75, 1.5), steps']",[835],[849],[671],[594],[977],[613],[646],[1205],[901],[605],"[(789.6, 'mean')]","[(594, 'min')]","[(1205, 'max')]","[(3.3457627118644067, 'rate exploration')]"
"['(0.5, 0.75, 1.5), states']",[236],[236],[236],[236],[236],[236],[236],[236],[236],[236]
"['(0.5, 0.75, 1.5), dtg_vals']",[201.4955403360526],[206.92664964530812],[234.84407427274593],[257.76434722531417],[187.04433635956946],[241.850210041495],[236.07765650745557],[151.87844728488332],[196.95969732165622],[246.35198677674393],"[(216.11929457712245, 'avg_dtg_val')]"
"['(0.75, 0.5, 0.25), steps']",[951],[694],[869],[632],[763],[650],[592],[601],[823],[784],"[(735.9, 'mean')]","[(592, 'min')]","[(951, 'max')]","[(3.118220338983051, 'rate exploration')]"
"['(0.75, 0.5, 0.25), states']",[236],[236],[236],[236],[236],[236],[236],[236],[236],[236]
"['(0.75, 0.5, 0.25), dtg_vals']",[199.46444871246533],[233.15115676794667],[206.31431979669196],[244.5790644437254],[225.70635273368225],[249.07092945018616],[256.06615323166034],[249.77500542552417],[211.69637820516],[220.07674824358858],"[(229.59005570106305, 'avg_dtg_val')]"
"['(0.75, 1.25, 0.25), steps']",[957],[625],[643],[644],[873],[928],[725],[915],[678],[636],"[(762.4, 'mean')]","[(625, 'min')]","[(957, 'max')]","[(3.230508474576271, 'rate exploration')]"
"['(0.75, 1.25, 0.25), states']",[236],[236],[236],[236],[236],[236],[236],[236],[236],[236]
"['(0.75, 1.25, 0.25), dtg_vals']",[375.80417140142447],[393.66548371792135],[392.31554528435487],[389.98992997055205],[381.32371649880406],[378.1205657356187],[389.28752655542075],[379.9374042237383],[390.6369331074174],[392.26226645963186],"[(386.3343542954884, 'avg_dtg_val')]"
"['(0.25, 0.75, 0.25), steps']",[666],[771],[1127],[572],[984],[562],[896],[700],[663],[879],"[(782.0, 'mean')]","[(562, 'min')]","[(1127, 'max')]","[(3.3135593220338984, 'rate exploration')]"
"['(0.25, 0.75, 0.25), states']",[236],[236],[236],[236],[236],[236],[236],[236],[236],[236]
"['(0.25, 0.75, 0.25), dtg_vals']",[309.39302997079943],[295.35268506188055],[250.0913216864462],[325.7133549336314],[265.0205595428069],[322.8175978469562],[283.2753903643315],[301.9027591902116],[311.33845418343094],[281.45985341617074],"[(294.63650061966655, 'avg_dtg_val')]"
"['(0.5, 1.25, 0.5), steps']",[579],[836],[679],[620],[712],[752],[700],[639],[818],[655],"[(699.0, 'mean')]","[(579, 'min')]","[(836, 'max')]","[(2.961864406779661, 'rate exploration')]"
"['(0.5, 1.25, 0.5), states']",[236],[236],[236],[236],[236],[236],[236],[236],[236],[236]
"['(0.5, 1.25, 0.5), dtg_vals']",[268.9061352130965],[230.65457804505024],[246.38764679937537],[263.81379648912],[245.03004109374717],[230.03043424159475],[251.10286197487778],[259.75108960864765],[229.09757661538828],[249.8707085518323],"[(247.46448686327298, 'avg_dtg_val')]"
"['(0.75, 0.75, 1.25), steps']",[736],[690],[735],[792],[639],[707],[660],[680],[622],[741],"[(700.2, 'mean')]","[(622, 'min')]","[(792, 'max')]","[(2.966949152542373, 'rate exploration')]"
"['(0.75, 0.75, 1.25), states']",[236],[236],[236],[236],[236],[236],[236],[236],[236],[236]
"['(0.75, 0.75, 1.25), dtg_vals']",[178.68116270243192],[197.76246221046557],[187.53667307910933],[165.36516118495462],[206.2208745744637],[186.70076784839353],[199.92818405943112],[195.52098002742747],[206.7459937691199],[180.644583037044],"[(190.5106842492841, 'avg_dtg_val')]"
"['(0.5, 1, 0.5), steps']",[908],[618],[646],[587],[656],[781],[844],[716],[699],[791],"[(724.6, 'mean')]","[(587, 'min')]","[(908, 'max')]","[(3.0703389830508474, 'rate exploration')]"
"['(0.5, 1, 0.5), states']",[236],[236],[236],[236],[236],[236],[236],[236],[236],[236]
"['(0.5, 1, 0.5), dtg_vals']",[158.93701657785095],[210.6600747027229],[213.2835765449308],[223.44103303326014],[206.70516439880961],[187.76354392782093],[168.77169449108996],[196.23231061824018],[198.53068933560024],[185.22183152924035],"[(194.95469351595662, 'avg_dtg_val')]"
"['(0.75, 1.25, 0.1), steps']",[750],[510],[964],[677],[751],[880],[660],[938],[612],[615],"[(735.7, 'mean')]","[(510, 'min')]","[(964, 'max')]","[(3.1173728813559323, 'rate exploration')]"
"['(0.75, 1.25, 0.1), states']",[236],[236],[236],[236],[236],[236],[236],[236],[236],[236]
"['(0.75, 1.25, 0.1), dtg_vals']",[421.1910353537786],[421.1916545723266],[421.1903775204769],[421.1911802497218],[421.190999948903],[421.19065474035466],[421.1912533784043],[421.1906311014666],[421.19132800849786],[421.19131048883366],"[(421.19104253627637, 'avg_dtg_val')]"
"['(0.75, 0.5, 1.25), steps']",[762],[863],[687],[485],[613],[671],[811],[649],[783],[684],"[(700.8, 'mean')]","[(485, 'min')]","[(863, 'max')]","[(2.9694915254237286, 'rate exploration')]"
"['(0.75, 0.5, 1.25), states']",[236],[236],[236],[236],[236],[236],[236],[236],[236],[236]
"['(0.75, 0.5, 1.25), dtg_vals']",[235.8047083972368],[216.3593314416951],[243.8939034158665],[284.77060494452854],[259.59350929031194],[250.08472777247496],[228.2064418012305],[252.7438057272621],[231.84347036843852],[245.18462797445258],"[(244.84851311334978, 'avg_dtg_val')]"
"['(0.25, 1.5, 1.5), steps']",[837],[678],[683],[553],[673],[803],[961],[604],[868],[786],"[(744.6, 'mean')]","[(553, 'min')]","[(961, 'max')]","[(3.155084745762712, 'rate exploration')]"
"['(0.25, 1.5, 1.5), states']",[236],[236],[236],[236],[236],[236],[236],[236],[236],[236]
"['(0.25, 1.5, 1.5), dtg_vals']",[134.4765307585544],[151.26043269414274],[155.14730655601363],[181.70342157249834],[159.47199427703094],[135.28256649289457],[113.89502732874493],[176.10725378460737],[128.9084997613312],[131.7725724509931],"[(146.80256056768116, 'avg_dtg_val')]"
"['(0.25, 0.5, 1), steps']",[775],[615],[710],[818],[799],[563],[542],[1017],[729],[868],"[(743.6, 'mean')]","[(542, 'min')]","[(1017, 'max')]","[(3.1508474576271186, 'rate exploration')]"
"['(0.25, 0.5, 1), states']",[236],[236],[236],[236],[236],[236],[236],[236],[236],[236]
"['(0.25, 0.5, 1), dtg_vals']",[183.66480904436972],[216.26863107394078],[193.7550819206056],[174.176431779849],[176.43433180180625],[228.06422449037325],[235.64242195172835],[151.3633588430936],[193.78056371893388],[174.47779978973952],"[(192.76276544144397, 'avg_dtg_val')]"
"['(0.25, 1.25, 0.5), steps']",[962],[607],[768],[847],[768],[1211],[839],[714],[637],[836],"[(818.9, 'mean')]","[(607, 'min')]","[(1211, 'max')]","[(3.469915254237288, 'rate exploration')]"
"['(0.25, 1.25, 0.5), states']",[236],[236],[236],[236],[236],[236],[236],[236],[236],[236]
"['(0.25, 1.25, 0.5), dtg_vals']",[209.47116970541657],[260.6653638623743],[234.68778509296953],[223.230608497958],[232.7525665971822],[174.3991809969926],[222.51698933096978],[242.05403465827627],[260.41839437678567],[219.42094892981848],"[(227.96170420487434, 'avg_dtg_val')]"
"['(0.5, 0.1, 1), steps']",[626],[662],[585],[768],[644],[701],[920],[671],[618],[694],"[(688.9, 'mean')]","[(585, 'min')]","[(920, 'max')]","[(2.9190677966101695, 'rate exploration')]"
"['(0.5, 0.1, 1), states']",[236],[236],[236],[236],[236],[236],[236],[236],[236],[236]
"['(0.5, 0.1, 1), dtg_vals']",[421.18402162204006],[421.18355745905797],[421.18421747152746],[421.18278632029364],[421.18436310050214],[421.18354372729027],[421.17950311234534],[421.1831977031771],[421.1837584030824],[421.183006002399],"[(421.1831954921716, 'avg_dtg_val')]"
"['(0.25, 1.5, 0.5), steps']",[690],[873],[826],[764],[635],[573],[924],[556],[604],[727],"[(717.2, 'mean')]","[(556, 'min')]","[(924, 'max')]","[(3.038983050847458, 'rate exploration')]"
"['(0.25, 1.5, 0.5), states']",[236],[236],[236],[236],[236],[236],[236],[236],[236],[236]
"['(0.25, 1.5, 0.5), dtg_vals']",[299.5441484938308],[283.01920361445787],[283.56869960977946],[289.95876298181656],[310.08513692038923],[319.3988054342431],[274.23519732499534],[321.8025823364716],[311.29431759437006],[298.73285635852113],"[(299.1639710668875, 'avg_dtg_val')]"
"['(0.5, 1, 0.1), steps']",[649],[871],[730],[661],[801],[640],[720],[669],[645],[786],"[(717.2, 'mean')]","[(640, 'min')]","[(871, 'max')]","[(3.038983050847458, 'rate exploration')]"
"['(0.5, 1, 0.1), states']",[236],[236],[236],[236],[236],[236],[236],[236],[236],[236]
"['(0.5, 1, 0.1), dtg_vals']",[421.1833030104863],[421.18068870168275],[421.1827144706575],[421.18367007115006],[421.18153011034605],[421.1839090929683],[421.18317278862827],[421.18297795771485],[421.18357385925077],[421.1815057888936],"[(421.1827045851778, 'avg_dtg_val')]"
"['(0.75, 0.75, 0.75), steps']",[608],[933],[624],[597],[634],[754],[675],[581],[641],[648],"[(669.5, 'mean')]","[(581, 'min')]","[(933, 'max')]","[(2.836864406779661, 'rate exploration')]"
"['(0.75, 0.75, 0.75), states']",[236],[236],[236],[236],[236],[236],[236],[236],[236],[236]
"['(0.75, 0.75, 0.75), dtg_vals']",[173.53091720897964],[113.8018789699856],[162.72503542364208],[177.87816598465506],[168.70195784953492],[138.91434977326824],[152.80268274047944],[172.3596082891056],[163.9585208557457],[164.60070936965823],"[(158.92738264650546, 'avg_dtg_val')]"
"['(0.75, 0.25, 0.75), steps']",[640],[692],[562],[605],[735],[573],[604],[705],[1110],[916],"[(714.2, 'mean')]","[(562, 'min')]","[(1110, 'max')]","[(3.026271186440678, 'rate exploration')]"
"['(0.75, 0.25, 0.75), states']",[236],[236],[236],[236],[236],[236],[236],[236],[236],[236]
"['(0.75, 0.25, 0.75), dtg_vals']",[310.6097899157005],[303.6751185653074],[325.43921684425516],[308.2925027042321],[298.1969257553193],[320.79604025682187],[315.8935436935903],[302.8645671442429],[249.17956213658462],[273.23809445282467],"[(300.8185361468878, 'avg_dtg_val')]"
"['(0.75, 0.5, 0.5), steps']",[1045],[621],[814],[839],[710],[585],[512],[977],[542],[703],"[(734.8, 'mean')]","[(512, 'min')]","[(1045, 'max')]","[(3.113559322033898, 'rate exploration')]"
"['(0.75, 0.5, 0.5), states']",[236],[236],[236],[236],[236],[236],[236],[236],[236],[236]
"['(0.75, 0.5, 0.5), dtg_vals']",[99.58039329652962],[168.81017139047526],[136.0986792806266],[135.62862532847234],[147.44623552794837],[186.23527262542316],[196.4488478377404],[108.47101373480484],[180.75187173679396],[153.27836044663871],"[(151.27494712054533, 'avg_dtg_val')]"
"['(0.25, 0.25, 0.1), steps']",[1038],[676],[848],[722],[972],[904],[605],[971],[611],[651],"[(799.8, 'mean')]","[(605, 'min')]","[(1038, 'max')]","[(3.3889830508474574, 'rate exploration')]"
"['(0.25, 0.25, 0.1), states']",[236],[236],[236],[236],[236],[236],[236],[236],[236],[236]
"['(0.25, 0.25, 0.1), dtg_vals']",[403.6716196232371],[409.47544975113397],[406.628640588205],[409.2252394395072],[404.78000021812613],[405.19798253141965],[410.162833771826],[404.7361096607022],[410.6633151682732],[410.36713724758124],"[(407.49083280000116, 'avg_dtg_val')]"
"['(0.75, 1.5, 0.75), steps']",[626],[617],[801],[714],[694],[538],[716],[631],[698],[630],"[(666.5, 'mean')]","[(538, 'min')]","[(801, 'max')]","[(2.8241525423728815, 'rate exploration')]"
"['(0.75, 1.5, 0.75), states']",[236],[236],[236],[236],[236],[236],[236],[236],[236],[236]
"['(0.75, 1.5, 0.75), dtg_vals']",[245.99516638380422],[247.70091484650857],[211.46999723240165],[223.87897282206973],[227.77827812859442],[264.2803342772274],[233.5622752756336],[244.44086462733733],[227.88889248137733],[242.40460541183998],"[(236.9400301486794, 'avg_dtg_val')]"
"['(0.25, 1.25, 1), steps']",[703],[728],[795],[686],[654],[731],[616],[773],[798],[653],"[(713.7, 'mean')]","[(616, 'min')]","[(798, 'max')]","[(3.0241525423728817, 'rate exploration')]"
"['(0.25, 1.25, 1), states']",[236],[236],[236],[236],[236],[236],[236],[236],[236],[236]
"['(0.25, 1.25, 1), dtg_vals']",[160.87644527115796],[154.8297266308775],[144.4689083909566],[168.23516151716234],[175.5881804071888],[155.48526930407039],[174.4587258536772],[147.88714511405195],[142.7745048345707],[166.63009585480643],"[(159.12341631785202, 'avg_dtg_val')]"
"['(0.5, 0.5, 1.25), steps']",[925],[724],[863],[984],[894],[667],[655],[749],[941],[673],"[(807.5, 'mean')]","[(655, 'min')]","[(984, 'max')]","[(3.4216101694915255, 'rate exploration')]"
"['(0.5, 0.5, 1.25), states']",[236],[236],[236],[236],[236],[236],[236],[236],[236],[236]
"['(0.5, 0.5, 1.25), dtg_vals']",[215.68719243627103],[243.10907059269073],[217.01828720388733],[203.0481174753628],[219.82006342926834],[254.27115047193962],[254.32136624585362],[241.84371893606806],[207.2240494846469],[249.8830604314323],"[(230.62260767074207, 'avg_dtg_val')]"
"['(0.25, 1.5, 0.75), steps']",[653],[587],[748],[1162],[648],[807],[824],[638],[618],[772],"[(745.7, 'mean')]","[(587, 'min')]","[(1162, 'max')]","[(3.159745762711865, 'rate exploration')]"
"['(0.25, 1.5, 0.75), states']",[236],[236],[236],[236],[236],[236],[236],[236],[236],[236]
"['(0.25, 1.5, 0.75), dtg_vals']",[241.2469537974555],[253.64480554441738],[220.2969488055944],[157.40181921473018],[242.21851845140333],[207.18108999951798],[211.37100196907767],[239.62352532593752],[248.21154853400043],[216.6212936540907],"[(223.7817505296225, 'avg_dtg_val')]"
"['(0.25, 0.1, 0.75), steps']",[848],[736],[770],[658],[716],[697],[805],[872],[722],[561],"[(738.5, 'mean')]","[(561, 'min')]","[(872, 'max')]","[(3.1292372881355934, 'rate exploration')]"
"['(0.25, 0.1, 0.75), states']",[236],[236],[236],[236],[236],[236],[236],[236],[236],[236]
"['(0.25, 0.1, 0.75), dtg_vals']",[421.13374395584407],[421.14137617089824],[421.13831671667293],[421.14703016482525],[421.1407473619175],[421.1445550570458],[421.13350177210134],[421.1301563088557],[421.1408998947189],[421.15248333838645],"[(421.1402810741266, 'avg_dtg_val')]"
"['(0.75, 0.75, 0.1), steps']",[706],[965],[618],[693],[697],[624],[803],[685],[639],[803],"[(723.3, 'mean')]","[(618, 'min')]","[(965, 'max')]","[(3.064830508474576, 'rate exploration')]"
"['(0.75, 0.75, 0.1), states']",[236],[236],[236],[236],[236],[236],[236],[236],[236],[236]
"['(0.75, 0.75, 0.1), dtg_vals']",[421.1375590347628],[421.1179499856088],[421.1449339152507],[421.14133781433026],[421.1403136706243],[421.14545126447246],[421.12951098411094],[421.139564032505],[421.1456592604858],[421.1345495433624],"[(421.1376829505513, 'avg_dtg_val')]"
"['(0.75, 1.5, 0.5), steps']",[662],[580],[801],[674],[711],[748],[605],[584],[766],[825],"[(695.6, 'mean')]","[(580, 'min')]","[(825, 'max')]","[(2.947457627118644, 'rate exploration')]"
"['(0.75, 1.5, 0.5), states']",[236],[236],[236],[236],[236],[236],[236],[236],[236],[236]
"['(0.75, 1.5, 0.5), dtg_vals']",[302.4804173659295],[315.28089873332283],[286.5433875562144],[303.30444380033833],[301.2528379197108],[292.3787919647004],[311.51748779656407],[320.4459865243303],[292.58856620241687],[281.774555025688],"[(300.7567372889216, 'avg_dtg_val')]"
"['(0.75, 1, 1.5), steps']",[672],[753],[687],[738],[904],[634],[814],[1078],[655],[649],"[(758.4, 'mean')]","[(634, 'min')]","[(1078, 'max')]","[(3.2135593220338983, 'rate exploration')]"
"['(0.75, 1, 1.5), states']",[236],[236],[236],[236],[236],[236],[236],[236],[236],[236]
"['(0.75, 1, 1.5), dtg_vals']",[190.07876796521307],[182.00655065242245],[186.1760139964099],[180.3133237692346],[146.4287727475552],[198.25611100088148],[166.8632369038486],[121.4486722446865],[188.27540914958237],[186.4719079523116],"[(174.63187663821458, 'avg_dtg_val')]"
"['(0.25, 0.25, 1.5), steps']",[950],[645],[708],[609],[869],[672],[1030],[674],[590],[875],"[(762.2, 'mean')]","[(590, 'min')]","[(1030, 'max')]","[(3.229661016949153, 'rate exploration')]"
"['(0.25, 0.25, 1.5), states']",[236],[236],[236],[236],[236],[236],[236],[236],[236],[236]
"['(0.25, 0.25, 1.5), dtg_vals']",[401.60783246063124],[409.3264445335058],[406.62695546801814],[410.3873834027252],[403.50171500307914],[408.07946854297535],[400.54717238748566],[408.0007101032762],[409.33500141565065],[403.9739867543607],"[(406.1386670071708, 'avg_dtg_val')]"
"['(0.5, 1.5, 0.1), steps']",[1033],[870],[717],[688],[901],[744],[636],[829],[934],[646],"[(799.8, 'mean')]","[(636, 'min')]","[(1033, 'max')]","[(3.3889830508474574, 'rate exploration')]"
"['(0.5, 1.5, 0.1), states']",[236],[236],[236],[236],[236],[236],[236],[236],[236],[236]
"['(0.5, 1.5, 0.1), dtg_vals']",[421.19245593400365],[421.1925196110609],[421.1925896533183],[421.1925921537715],[421.19249025414746],[421.1925758421991],[421.1926152255149],[421.1925393459992],[421.19248689819744],[421.1926126291067],"[(421.1925477547319, 'avg_dtg_val')]"
"['(0.25, 1.5, 0.25), steps']",[695],[686],[981],[737],[713],[642],[661],[595],[571],[865],"[(714.6, 'mean')]","[(571, 'min')]","[(981, 'max')]","[(3.0279661016949153, 'rate exploration')]"
"['(0.25, 1.5, 0.25), states']",[236],[236],[236],[236],[236],[236],[236],[236],[236],[236]
"['(0.25, 1.5, 0.25), dtg_vals']",[407.6373442370752],[408.016051920905],[402.72859216568594],[406.0872558880204],[406.5231311960838],[407.9261941461064],[408.1029865771511],[409.56912083162626],[410.5866407704876],[403.33649526709587],"[(407.05138130002376, 'avg_dtg_val')]"
"['(0.25, 1, 0.5), steps']",[814],[1202],[661],[1320],[693],[581],[610],[728],[766],[821],"[(819.6, 'mean')]","[(581, 'min')]","[(1320, 'max')]","[(3.4728813559322034, 'rate exploration')]"
"['(0.25, 1, 0.5), states']",[236],[236],[236],[236],[236],[236],[236],[236],[236],[236]
"['(0.25, 1, 0.5), dtg_vals']",[178.84221035711545],[121.02879913994035],[207.96332085952056],[108.5542938310339],[195.783163297594],[222.19408951169925],[216.93076277933045],[184.46791725272948],[182.82069066405742],[178.76010862429467],"[(179.73453563173155, 'avg_dtg_val')]"
"['(0.5, 0.25, 0.75), steps']",[674],[608],[807],[754],[1006],[628],[689],[595],[712],[811],"[(728.4, 'mean')]","[(595, 'min')]","[(1006, 'max')]","[(3.0864406779661016, 'rate exploration')]"
"['(0.5, 0.25, 0.75), states']",[236],[236],[236],[236],[236],[236],[236],[236],[236],[236]
"['(0.5, 0.25, 0.75), dtg_vals']",[307.02987778229294],[314.25754523818904],[291.7533838764613],[297.7971611825676],[271.6756886683873],[314.88448690676125],[309.8957470924358],[321.9224411830669],[300.10044967004114],[288.9486987953196],"[(301.82654803955234, 'avg_dtg_val')]"
"['(0.75, 0.25, 1.5), steps']",[1311],[674],[661],[730],[988],[818],[697],[627],[713],[536],"[(775.5, 'mean')]","[(536, 'min')]","[(1311, 'max')]","[(3.2860169491525424, 'rate exploration')]"
"['(0.75, 0.25, 1.5), states']",[236],[236],[236],[236],[236],[236],[236],[236],[236],[236]
"['(0.75, 0.25, 1.5), dtg_vals']",[395.9114594205033],[408.18480641203837],[408.0114114884133],[406.9111918324519],[401.36629384331206],[405.3309174837632],[407.20452895713134],[408.7194410372495],[406.531653130573],[410.1009563733924],"[(405.8272659978828, 'avg_dtg_val')]"
"['(0.5, 1.25, 1), steps']",[683],[745],[781],[623],[1120],[639],[704],[738],[712],[765],"[(751.0, 'mean')]","[(623, 'min')]","[(1120, 'max')]","[(3.1822033898305087, 'rate exploration')]"
"['(0.5, 1.25, 1), states']",[236],[236],[236],[236],[236],[236],[236],[236],[236],[236]
"['(0.5, 1.25, 1), dtg_vals']",[164.26601499451056],[152.52704665962014],[144.9905728047499],[176.19588965880473],[101.96344599144746],[179.75075386616066],[159.21840170716564],[156.56550301657904],[153.36176951942497],[146.2737434192264],"[(153.51131416376896, 'avg_dtg_val')]"
"['(0.25, 1, 0.75), steps']",[893],[566],[1041],[676],[887],[917],[765],[821],[663],[567],"[(779.6, 'mean')]","[(566, 'min')]","[(1041, 'max')]","[(3.3033898305084746, 'rate exploration')]"
"['(0.25, 1, 0.75), states']",[236],[236],[236],[236],[236],[236],[236],[236],[236],[236]
"['(0.25, 1, 0.75), dtg_vals']",[131.30341095088946],[186.60977190634037],[107.53098831348542],[170.39807011173954],[131.15735381113734],[126.64752942209499],[155.98878066875653],[141.02299352560743],[165.22762091441757],[187.35203312617222],"[(150.3238552750641, 'avg_dtg_val')]"
"['(0.25, 1, 0.1), steps']",[703],[923],[839],[1073],[796],[630],[1398],[768],[636],[585],"[(835.1, 'mean')]","[(585, 'min')]","[(1398, 'max')]","[(3.5385593220338984, 'rate exploration')]"
"['(0.25, 1, 0.1), states']",[236],[236],[236],[236],[236],[236],[236],[236],[236],[236]
"['(0.25, 1, 0.1), dtg_vals']",[421.18330057100064],[421.1796776400613],[421.1811711459073],[421.1777586750512],[421.1813413057958],[421.1840774223603],[421.1731038965936],[421.1816778685256],[421.18417308625584],[421.18422115005126],"[(421.1810502761603, 'avg_dtg_val')]"
"['(0.75, 0.1, 0.5), steps']",[1081],[790],[619],[710],[1151],[857],[593],[991],[616],[618],"[(802.6, 'mean')]","[(593, 'min')]","[(1151, 'max')]","[(3.4008474576271186, 'rate exploration')]"
"['(0.75, 0.1, 0.5), states']",[236],[236],[236],[236],[236],[236],[236],[236],[236],[236]
"['(0.75, 0.1, 0.5), dtg_vals']",[420.70619581905447],[420.8219022548664],[420.8877804213564],[420.8602547712518],[420.6626363840205],[420.8182702849447],[420.91355978587774],[420.7287418024691],[420.9240743694836],[420.9245636540527],"[(420.82479795473773, 'avg_dtg_val')]"
"['(0.75, 1, 0.5), steps']",[981],[770],[636],[699],[687],[592],[657],[809],[551],[836],"[(721.8, 'mean')]","[(551, 'min')]","[(981, 'max')]","[(3.0584745762711862, 'rate exploration')]"
"['(0.75, 1, 0.5), states']",[236],[236],[236],[236],[236],[236],[236],[236],[236],[236]
"['(0.75, 1, 0.5), dtg_vals']",[153.47208250723216],[190.6382689410676],[207.58746808359854],[200.34064732398966],[202.89173799019943],[228.42751624788696],[203.3494739913582],[180.17305887875656],[227.80273876847264],[176.57832636895188],"[(197.12613191015137, 'avg_dtg_val')]"
"['(0.5, 0.1, 0.5), steps']",[587],[579],[615],[596],[761],[859],[726],[650],[571],[723],"[(666.7, 'mean')]","[(571, 'min')]","[(859, 'max')]","[(2.825, 'rate exploration')]"
"['(0.5, 0.1, 0.5), states']",[236],[236],[236],[236],[236],[236],[236],[236],[236],[236]
"['(0.5, 0.1, 0.5), dtg_vals']",[420.91754444168504],[420.9474846619735],[420.8932833407655],[420.94515724425173],[420.8357205488926],[420.83243364944275],[420.84599450815676],[420.8891632102339],[420.941696665988],[420.8792252969906],"[(420.89277035683807, 'avg_dtg_val')]"
"['(0.25, 0.25, 0.5), steps']",[793],[558],[805],[1252],[762],[677],[1123],[575],[699],[611],"[(785.5, 'mean')]","[(558, 'min')]","[(1252, 'max')]","[(3.3283898305084745, 'rate exploration')]"
"['(0.25, 0.25, 0.5), states']",[236],[236],[236],[236],[236],[236],[236],[236],[236],[236]
"['(0.25, 0.25, 0.5), dtg_vals']",[214.42264135212122],[261.37467590487506],[223.9183834985221],[154.4751050401796],[222.5931413191125],[238.61804912748914],[168.06655399779297],[255.37127530710328],[238.8249792299117],[249.20543697283614],"[(222.68702417499435, 'avg_dtg_val')]"
"['(0.75, 0.5, 0.1), steps']",[654],[847],[543],[643],[621],[613],[670],[588],[697],[861],"[(673.7, 'mean')]","[(543, 'min')]","[(861, 'max')]","[(2.854661016949153, 'rate exploration')]"
"['(0.75, 0.5, 0.1), states']",[236],[236],[236],[236],[236],[236],[236],[236],[236],[236]
"['(0.75, 0.5, 0.1), dtg_vals']",[420.88707357512163],[420.7548525715048],[420.93033856257676],[420.87121226067535],[420.9059538959349],[420.9127198933048],[420.8833749477928],[420.93335574881667],[420.8730011859115],[420.78775825064724],"[(420.8739640892287, 'avg_dtg_val')]"
"['(0.75, 0.25, 1), steps']",[813],[690],[611],[612],[660],[635],[598],[804],[732],[618],"[(677.3, 'mean')]","[(598, 'min')]","[(813, 'max')]","[(2.869915254237288, 'rate exploration')]"
"['(0.75, 0.25, 1), states']",[236],[236],[236],[236],[236],[236],[236],[236],[236],[236]
"['(0.75, 0.25, 1), dtg_vals']",[343.00509113355014],[357.7942646188373],[364.597594516066],[360.65510005474385],[355.61432345069227],[359.25753813455265],[365.15442355790503],[344.9116935090375],[349.8385566346444],[364.73236476699014],"[(356.55609503770194, 'avg_dtg_val')]"
"['(0.5, 0.25, 1.5), steps']",[965],[919],[601],[960],[616],[638],[572],[782],[734],[760],"[(754.7, 'mean')]","[(572, 'min')]","[(965, 'max')]","[(3.1978813559322035, 'rate exploration')]"
"['(0.5, 0.25, 1.5), states']",[236],[236],[236],[236],[236],[236],[236],[236],[236],[236]
"['(0.5, 0.25, 1.5), dtg_vals']",[402.35318767779387],[403.0856998090118],[409.4951201413599],[402.68473854928885],[409.59296435450176],[408.0552823439431],[409.8489856484164],[404.4775661086973],[406.0609131267653],[406.11098411012273],"[(406.1765441869901, 'avg_dtg_val')]"
"['(0.5, 1.5, 0.25), steps']",[681],[697],[694],[663],[736],[994],[749],[681],[763],[799],"[(745.7, 'mean')]","[(663, 'min')]","[(994, 'max')]","[(3.159745762711865, 'rate exploration')]"
"['(0.5, 1.5, 0.25), states']",[236],[236],[236],[236],[236],[236],[236],[236],[236],[236]
"['(0.5, 1.5, 0.25), dtg_vals']",[406.95453083325975],[406.93362998283715],[406.93351795443294],[408.5469389589416],[407.13147324718096],[401.7598866541877],[405.8692549219931],[408.25577698041155],[406.9708048304612],[406.4572155723468],"[(406.5813029936052, 'avg_dtg_val')]"
"['(0.25, 1.25, 1.5), steps']",[933],[970],[968],[583],[775],[580],[685],[665],[896],[582],"[(763.7, 'mean')]","[(580, 'min')]","[(970, 'max')]","[(3.2360169491525426, 'rate exploration')]"
"['(0.25, 1.25, 1.5), states']",[236],[236],[236],[236],[236],[236],[236],[236],[236],[236]
"['(0.25, 1.25, 1.5), dtg_vals']",[123.21444249394045],[115.39911726998507],[113.47056192673398],[184.28905456041568],[141.8149927826613],[185.85249133292032],[156.7170132181484],[167.75694904755196],[124.41267500858824],[190.98489187902842],"[(150.3912189519974, 'avg_dtg_val')]"
"['(0.5, 0.5, 1.5), steps']",[1267],[703],[1039],[679],[757],[738],[857],[826],[569],[732],"[(816.7, 'mean')]","[(569, 'min')]","[(1267, 'max')]","[(3.4605932203389833, 'rate exploration')]"
"['(0.5, 0.5, 1.5), states']",[236],[236],[236],[236],[236],[236],[236],[236],[236],[236]
"['(0.5, 0.5, 1.5), dtg_vals']",[233.30631048793362],[299.6107943156178],[258.24544312948274],[303.8796810621931],[293.8478435555222],[298.3623619646371],[279.2715409166509],[283.86127516817004],[321.5136665493263],[293.43081566195656],"[(286.53297328114905, 'avg_dtg_val')]"
"['(0.5, 1.25, 1.5), steps']",[732],[787],[620],[686],[1030],[695],[966],[540],[797],[641],"[(749.4, 'mean')]","[(540, 'min')]","[(1030, 'max')]","[(3.175423728813559, 'rate exploration')]"
"['(0.5, 1.25, 1.5), states']",[236],[236],[236],[236],[236],[236],[236],[236],[236],[236]
"['(0.5, 1.25, 1.5), dtg_vals']",[150.17916635810738],[136.67333219489248],[175.09952176104477],[167.92891526371926],[106.88768678112382],[160.9553705579333],[108.2493929019714],[195.38618495759417],[142.95566677519523],[166.59694771734826],"[(151.091218526893, 'avg_dtg_val')]"
"['(0.5, 1, 1.5), steps']",[581],[1078],[647],[772],[603],[776],[880],[666],[1167],[595],"[(776.5, 'mean')]","[(581, 'min')]","[(1167, 'max')]","[(3.2902542372881354, 'rate exploration')]"
"['(0.5, 1, 1.5), states']",[236],[236],[236],[236],[236],[236],[236],[236],[236],[236]
"['(0.5, 1, 1.5), dtg_vals']",[214.18943985276536],[123.46559628868835],[198.22346684680872],[175.4771193491974],[205.37097219384935],[165.79344440824505],[157.2273000203005],[197.82198674589566],[116.68838669710834],[202.77878255377945],"[(175.70364949566383, 'avg_dtg_val')]"
"['(0.5, 0.75, 1), steps']",[782],[666],[905],[845],[727],[685],[955],[765],[669],[667],"[(766.6, 'mean')]","[(666, 'min')]","[(955, 'max')]","[(3.2483050847457626, 'rate exploration')]"
"['(0.5, 0.75, 1), states']",[236],[236],[236],[236],[236],[236],[236],[236],[236],[236]
"['(0.5, 0.75, 1), dtg_vals']",[146.26620306770496],[164.13012338692812],[128.8693749794238],[142.07871963378184],[155.35426107558717],[162.5976552042056],[121.89449430999416],[150.23788462881748],[166.08340551669056],[164.8257408828625],"[(150.23378626859963, 'avg_dtg_val')]"
"['(0.25, 0.25, 1.25), steps']",[622],[682],[697],[1078],[801],[590],[760],[871],[641],[777],"[(751.9, 'mean')]","[(590, 'min')]","[(1078, 'max')]","[(3.1860169491525423, 'rate exploration')]"
"['(0.25, 0.25, 1.25), states']",[236],[236],[236],[236],[236],[236],[236],[236],[236],[236]
"['(0.25, 0.25, 1.25), dtg_vals']",[392.17392796592367],[389.2618210389589],[389.5387486262286],[372.059141166032],[384.76176753636],[393.21551515824405],[385.8919677441233],[380.64102236423724],[391.4835459903977],[385.56880371878975],"[(386.45962613092956, 'avg_dtg_val')]"
"['(0.75, 0.75, 0.25), steps']",[648],[557],[718],[748],[946],[971],[624],[619],[640],[828],"[(729.9, 'mean')]","[(557, 'min')]","[(971, 'max')]","[(3.0927966101694913, 'rate exploration')]"
"['(0.75, 0.75, 0.25), states']",[236],[236],[236],[236],[236],[236],[236],[236],[236],[236]
"['(0.75, 0.75, 0.25), dtg_vals']",[309.38838509619626],[327.944515531134],[301.86918864451064],[295.54109092231766],[272.2291296432029],[274.6730082474484],[315.3058134818573],[317.1589265909636],[309.68607940175065],[289.5220872736405],"[(301.3318224833022, 'avg_dtg_val')]"
"['(0.5, 0.25, 1.25), steps']",[919],[608],[737],[1115],[649],[635],[933],[732],[745],[793],"[(786.6, 'mean')]","[(608, 'min')]","[(1115, 'max')]","[(3.3330508474576273, 'rate exploration')]"
"['(0.5, 0.25, 1.25), states']",[236],[236],[236],[236],[236],[236],[236],[236],[236],[236]
"['(0.5, 0.25, 1.25), dtg_vals']",[379.2125512871392],[393.0718008629999],[388.0916518388494],[374.6599931890604],[392.01391145356877],[390.7683734955072],[376.75192003738846],[387.3777709458983],[386.69468610076916],[382.7564306836732],"[(385.13990898948543, 'avg_dtg_val')]"
"['(0.75, 1.5, 1.25), steps']",[792],[934],[600],[573],[621],[914],[649],[775],[721],[687],"[(726.6, 'mean')]","[(573, 'min')]","[(934, 'max')]","[(3.078813559322034, 'rate exploration')]"
"['(0.75, 1.5, 1.25), states']",[236],[236],[236],[236],[236],[236],[236],[236],[236],[236]
"['(0.75, 1.5, 1.25), dtg_vals']",[141.87389459718813],[121.48924749515682],[181.74019074408068],[184.49388007911213],[175.77551204780625],[128.8343677017289],[171.26684974409898],[147.72607199472617],[153.85505379129282],[164.95825642726433],"[(157.20133246224552, 'avg_dtg_val')]"
"['(0.25, 0.75, 0.1), steps']",[918],[948],[617],[1098],[619],[722],[811],[843],[778],[931],"[(828.5, 'mean')]","[(617, 'min')]","[(1098, 'max')]","[(3.510593220338983, 'rate exploration')]"
"['(0.25, 0.75, 0.1), states']",[236],[236],[236],[236],[236],[236],[236],[236],[236],[236]
"['(0.25, 0.75, 0.1), dtg_vals']",[421.1202003570356],[421.12021631834307],[421.14738547635153],[421.10504203552335],[421.1455216153841],[421.1369898750145],[421.1297187576958],[421.1321330167451],[421.13561796524505],[421.12328211302565],"[(421.1296107530363, 'avg_dtg_val')]"
"['(0.75, 1.5, 1), steps']",[613],[678],[1151],[753],[669],[668],[688],[771],[745],[657],"[(739.3, 'mean')]","[(613, 'min')]","[(1151, 'max')]","[(3.1326271186440677, 'rate exploration')]"
"['(0.75, 1.5, 1), states']",[236],[236],[236],[236],[236],[236],[236],[236],[236],[236]
"['(0.75, 1.5, 1), dtg_vals']",[209.31433285479213],[190.8226434210564],[113.46299882303128],[177.72429809746043],[190.0952134199883],[193.54573663802694],[188.42086161506384],[170.42888105890142],[173.67406768208198],[189.4686107162164],"[(179.69576443266192, 'avg_dtg_val')]"
"['(0.25, 1.5, 1.25), steps']",[608],[876],[868],[745],[859],[653],[660],[1004],[754],[641],"[(766.8, 'mean')]","[(608, 'min')]","[(1004, 'max')]","[(3.2491525423728813, 'rate exploration')]"
"['(0.25, 1.5, 1.25), states']",[236],[236],[236],[236],[236],[236],[236],[236],[236],[236]
"['(0.25, 1.5, 1.25), dtg_vals']",[184.66361513961948],[133.1337983975858],[134.2016469037839],[149.7163082985238],[133.93067977345467],[167.3367457366007],[170.49317734432492],[110.42630229292956],[154.6790971468644],[171.13515395644157],"[(150.97165249901292, 'avg_dtg_val')]"
"['(0.75, 0.25, 1.25), steps']",[734],[690],[808],[1006],[576],[716],[876],[851],[749],[729],"[(773.5, 'mean')]","[(576, 'min')]","[(1006, 'max')]","[(3.277542372881356, 'rate exploration')]"
"['(0.75, 0.25, 1.25), states']",[236],[236],[236],[236],[236],[236],[236],[236],[236],[236]
"['(0.75, 0.25, 1.25), dtg_vals']",[387.73706172893515],[389.53859851747256],[385.64864628382065],[375.2985544938993],[395.0915258081521],[387.87327744986544],[382.51840173819033],[384.99641305656615],[387.68020697526146],[387.56393218018536],"[(386.3946618232349, 'avg_dtg_val')]"
"['(0.75, 0.1, 0.75), steps']",[666],[907],[874],[674],[859],[646],[1079],[894],[727],[1051],"[(837.7, 'mean')]","[(646, 'min')]","[(1079, 'max')]","[(3.549576271186441, 'rate exploration')]"
"['(0.75, 0.1, 0.75), states']",[236],[236],[236],[236],[236],[236],[236],[236],[236],[236]
"['(0.75, 0.1, 0.75), dtg_vals']",[421.1467452385012],[421.1255393518241],[421.13229095156703],[421.137283697219],[421.1336725267743],[421.1432894467129],[421.1163418738291],[421.1268372693784],[421.14059069126745],[421.1155556414204],"[(421.13181466884936, 'avg_dtg_val')]"
"['(0.25, 0.25, 1), steps']",[821],[899],[766],[765],[850],[748],[630],[812],[766],[750],"[(780.7, 'mean')]","[(630, 'min')]","[(899, 'max')]","[(3.3080508474576273, 'rate exploration')]"
"['(0.25, 0.25, 1), states']",[236],[236],[236],[236],[236],[236],[236],[236],[236],[236]
"['(0.25, 0.25, 1), dtg_vals']",[343.83676970663896],[338.7324225075638],[347.2706897120841],[352.09169888274283],[341.93992260267146],[350.85930763237053],[359.3810624378097],[347.95975725322455],[349.9262361727425],[349.8038700172567],"[(348.1801736925105, 'avg_dtg_val')]"
"['(0.5, 0.1, 0.1), steps']",[869],[1164],[646],[670],[515],[905],[769],[628],[634],[708],"[(750.8, 'mean')]","[(515, 'min')]","[(1164, 'max')]","[(3.1813559322033895, 'rate exploration')]"
"['(0.5, 0.1, 0.1), states']",[236],[236],[236],[236],[236],[236],[236],[236],[236],[236]
"['(0.5, 0.1, 0.1), dtg_vals']",[128.1444307029459],[94.06097502177893],[168.61670628031797],[165.20295576168445],[200.2557963916641],[125.71215435933973],[153.60135758254026],[179.48842786395642],[173.19454244286112],[163.7232397226814],"[(155.20005861297705, 'avg_dtg_val')]"
"['(0.75, 0.25, 0.1), steps']",[566],[654],[630],[770],[1042],[614],[529],[776],[640],[592],"[(681.3, 'mean')]","[(529, 'min')]","[(1042, 'max')]","[(2.8868644067796607, 'rate exploration')]"
"['(0.75, 0.25, 0.1), states']",[236],[236],[236],[236],[236],[236],[236],[236],[236],[236]
"['(0.75, 0.25, 0.1), dtg_vals']",[411.8839062292496],[410.23510511762004],[411.55394918551156],[407.36330569518685],[402.800343154905],[410.7361850595905],[412.07512509355473],[408.16937084465593],[410.91354903261873],[411.66182142125797],"[(409.7392660834151, 'avg_dtg_val')]"
"['(0.75, 1.25, 0.75), steps']",[881],[609],[842],[965],[788],[688],[525],[644],[711],[1025],"[(767.8, 'mean')]","[(525, 'min')]","[(1025, 'max')]","[(3.2533898305084743, 'rate exploration')]"
"['(0.75, 1.25, 0.75), states']",[236],[236],[236],[236],[236],[236],[236],[236],[236],[236]
"['(0.75, 1.25, 0.75), dtg_vals']",[156.73602243419958],[205.11454519709804],[163.01759211528616],[140.76863828853698],[172.69978515167364],[183.34055405570325],[229.07891047435757],[201.30326264691507],[182.8038397113933],[141.6458100482075],"[(177.6508960123371, 'avg_dtg_val')]"
"['(0.5, 1.5, 0.75), steps']",[794],[1046],[1002],[761],[633],[728],[713],[615],[774],[737],"[(780.3, 'mean')]","[(615, 'min')]","[(1046, 'max')]","[(3.3063559322033895, 'rate exploration')]"
"['(0.5, 1.5, 0.75), states']",[236],[236],[236],[236],[236],[236],[236],[236],[236],[236]
"['(0.5, 1.5, 0.75), dtg_vals']",[210.52910807030722],[175.64814845825256],[178.47192425876102],[212.733421274215],[247.9064367278159],[222.73183942398725],[225.45696202339968],[242.90421047154965],[218.78520608227012],[223.6929180704425],"[(215.8860174861001, 'avg_dtg_val')]"
"['(0.5, 0.1, 1.5), steps']",[966],[1059],[682],[648],[647],[563],[694],[774],[669],[743],"[(744.5, 'mean')]","[(563, 'min')]","[(1059, 'max')]","[(3.1546610169491527, 'rate exploration')]"
"['(0.5, 0.1, 1.5), states']",[236],[236],[236],[236],[236],[236],[236],[236],[236],[236]
"['(0.5, 0.1, 1.5), dtg_vals']",[421.19246268615944],[421.19242495969144],[421.1926100396864],[421.19261938221376],[421.19260979430527],[421.19265497597183],[421.19259709798274],[421.192542341302],[421.19259542945707],[421.19258305050164],"[(421.1925699757272, 'avg_dtg_val')]"
"['(0.5, 0.75, 1.25), steps']",[523],[764],[660],[741],[627],[676],[815],[804],[615],[867],"[(709.2, 'mean')]","[(523, 'min')]","[(867, 'max')]","[(3.005084745762712, 'rate exploration')]"
"['(0.5, 0.75, 1.25), states']",[236],[236],[236],[236],[236],[236],[236],[236],[236],[236]
"['(0.5, 0.75, 1.25), dtg_vals']",[226.3847111924663],[176.12751051527195],[194.99004126036837],[178.82856924126781],[206.55267772754956],[192.9827354725401],[165.39852023309606],[172.1383105232504],[208.44306744919854],[158.04717050813198],"[(187.9893314123141, 'avg_dtg_val')]"
"['(0.25, 0.1, 1.5), steps']",[596],[703],[627],[704],[680],[603],[897],[680],[758],[654],"[(690.2, 'mean')]","[(596, 'min')]","[(897, 'max')]","[(2.924576271186441, 'rate exploration')]"
"['(0.25, 0.1, 1.5), states']",[236],[236],[236],[236],[236],[236],[236],[236],[236],[236]
"['(0.25, 0.1, 1.5), dtg_vals']",[421.19264604199697],[421.19257809689697],[421.1926138347836],[421.1925863761662],[421.19257729630993],[421.1926297399946],[421.1925137436377],[421.192607942565],[421.1925798543681],[421.1926079865894],"[(421.1925940913308, 'avg_dtg_val')]"
"['(0.5, 1, 1.25), steps']",[734],[911],[1082],[878],[700],[593],[843],[636],[711],[796],"[(788.4, 'mean')]","[(593, 'min')]","[(1082, 'max')]","[(3.340677966101695, 'rate exploration')]"
"['(0.5, 1, 1.25), states']",[236],[236],[236],[236],[236],[236],[236],[236],[236],[236]
"['(0.5, 1, 1.25), dtg_vals']",[147.0954944006962],[125.03789470649582],[101.38754602325224],[125.94592412528772],[165.34898704956768],[181.95429974656113],[138.51045331448543],[176.82917185652474],[159.215084243976],[142.7679459699587],"[(146.40928014368058, 'avg_dtg_val')]"
"['(0.75, 1.25, 0.5), steps']",[618],[700],[945],[594],[927],[628],[1041],[815],[597],[696],"[(756.1, 'mean')]","[(594, 'min')]","[(1041, 'max')]","[(3.203813559322034, 'rate exploration')]"
"['(0.75, 1.25, 0.5), states']",[236],[236],[236],[236],[236],[236],[236],[236],[236],[236]
"['(0.75, 1.25, 0.5), dtg_vals']",[267.1656650771723],[242.55782879951926],[205.26350686483542],[267.03914622486025],[208.05580175837196],[257.74963295657557],[193.27571848840716],[225.22170052154482],[268.76089703941625],[242.15728186800206],"[(237.72471795987047, 'avg_dtg_val')]"
"['(0.25, 0.75, 1), steps']",[689],[776],[554],[836],[703],[660],[637],[1159],[690],[634],"[(733.8, 'mean')]","[(554, 'min')]","[(1159, 'max')]","[(3.1093220338983047, 'rate exploration')]"
"['(0.25, 0.75, 1), states']",[236],[236],[236],[236],[236],[236],[236],[236],[236],[236]
"['(0.25, 0.75, 1), dtg_vals']",[164.4107731860923],[148.85049837253086],[194.5506131829377],[131.15503879741428],[166.33256480295103],[172.73412228014033],[170.99564585781587],[88.90528564678807],[157.86513112593053],[171.92164141460782],"[(156.77213146672085, 'avg_dtg_val')]"
"['(0.25, 0.75, 1.5), steps']",[1143],[673],[974],[617],[644],[880],[817],[838],[582],[747],"[(791.5, 'mean')]","[(582, 'min')]","[(1143, 'max')]","[(3.3538135593220337, 'rate exploration')]"
"['(0.25, 0.75, 1.5), states']",[236],[236],[236],[236],[236],[236],[236],[236],[236],[236]
"['(0.25, 0.75, 1.5), dtg_vals']",[166.45411176715177],[233.83801399740463],[186.27397924788008],[247.5952901444765],[240.8445385105209],[198.9572085071511],[209.45263585901665],[208.95560125624579],[252.75897886853804],[218.4589014811029],"[(216.35892596394882, 'avg_dtg_val')]"
"['(0.5, 0.25, 0.5), steps']",[891],[673],[554],[699],[695],[898],[742],[783],[1341],[630],"[(790.6, 'mean')]","[(554, 'min')]","[(1341, 'max')]","[(3.35, 'rate exploration')]"
"['(0.5, 0.25, 0.5), states']",[236],[236],[236],[236],[236],[236],[236],[236],[236],[236]
"['(0.5, 0.25, 0.5), dtg_vals']",[203.95981869607525],[242.85741114946387],[262.09349570069713],[232.62625405709042],[238.79087806918378],[199.7278353500596],[232.08345080622254],[220.3779351009278],[137.10137772200235],[248.9679381981217],"[(221.85863948498445, 'avg_dtg_val')]"
"['(0.75, 1, 0.75), steps']",[953],[509],[616],[603],[615],[618],[550],[600],[572],[707],"[(634.3, 'mean')]","[(509, 'min')]","[(953, 'max')]","[(2.6877118644067797, 'rate exploration')]"
"['(0.75, 1, 0.75), states']",[236],[236],[236],[236],[236],[236],[236],[236],[236],[236]
"['(0.75, 1, 0.75), dtg_vals']",[114.72234315658875],[202.75704671579328],[181.92031400074555],[176.1589471725951],[184.7471182145509],[181.1682460593261],[198.8337902383116],[181.52401331530285],[186.50598236969444],[156.38034025112472],"[(176.47181414940331, 'avg_dtg_val')]"
"['(0.25, 0.1, 0.25), steps']",[826],[663],[875],[788],[724],[643],[671],[650],[674],[732],"[(724.6, 'mean')]","[(643, 'min')]","[(875, 'max')]","[(3.0703389830508474, 'rate exploration')]"
"['(0.25, 0.1, 0.25), states']",[236],[236],[236],[236],[236],[236],[236],[236],[236],[236]
"['(0.25, 0.1, 0.25), dtg_vals']",[405.7448162736042],[409.9118543833284],[406.03926439819946],[407.33785410820894],[408.3649552626627],[411.2502713344914],[409.1632580016298],[409.2330019140227],[408.6414440076771],[408.63732965866234],"[(408.4324049342487, 'avg_dtg_val')]"
"['(0.5, 1, 1), steps']",[677],[812],[1196],[541],[1053],[701],[578],[766],[703],[557],"[(758.4, 'mean')]","[(541, 'min')]","[(1196, 'max')]","[(3.2135593220338983, 'rate exploration')]"
"['(0.5, 1, 1), states']",[236],[236],[236],[236],[236],[236],[236],[236],[236],[236]
"['(0.5, 1, 1), dtg_vals']",[155.6634741356222],[129.47041224135228],[82.31541740506263],[181.40212381879675],[95.63439181810473],[154.55629396857088],[173.54815246841204],[138.75532298217635],[155.24074363430128],[181.8205647526645],"[(144.84068972250637, 'avg_dtg_val')]"
"['(0.5, 1.25, 1.25), steps']",[657],[573],[671],[611],[711],[683],[541],[1024],[863],[714],"[(704.8, 'mean')]","[(541, 'min')]","[(1024, 'max')]","[(2.9864406779661015, 'rate exploration')]"
"['(0.5, 1.25, 1.25), states']",[236],[236],[236],[236],[236],[236],[236],[236],[236],[236]
"['(0.5, 1.25, 1.25), dtg_vals']",[156.50259825848394],[180.239524795601],[161.4389624267046],[169.27216323803253],[151.4172956093913],[151.87214200248184],[188.09837017278232],[103.57456161118637],[119.43902081177144],[152.32557046276824],"[(153.41802093892034, 'avg_dtg_val')]"
"['(0.5, 0.75, 0.1), steps']",[650],[651],[689],[815],[905],[741],[624],[953],[851],[819],"[(769.8, 'mean')]","[(624, 'min')]","[(953, 'max')]","[(3.2618644067796607, 'rate exploration')]"
"['(0.5, 0.75, 0.1), states']",[236],[236],[236],[236],[236],[236],[236],[236],[236],[236]
"['(0.5, 0.75, 0.1), dtg_vals']",[421.139672741384],[421.14202019229856],[421.13766089160106],[421.1332099369364],[421.1252284893224],[421.135065810922],[421.14665080146165],[421.11793420031773],[421.12936160059655],[421.1324653777765],"[(421.13392700426164, 'avg_dtg_val')]"
"['(0.25, 0.25, 0.75), steps']",[680],[1042],[719],[678],[594],[843],[762],[648],[662],[651],"[(727.9, 'mean')]","[(594, 'min')]","[(1042, 'max')]","[(3.084322033898305, 'rate exploration')]"
"['(0.25, 0.25, 0.75), states']",[236],[236],[236],[236],[236],[236],[236],[236],[236],[236]
"['(0.25, 0.25, 0.75), dtg_vals']",[306.9796466098084],[267.9817948508668],[308.70503979036505],[304.2828915045884],[315.6844684916425],[283.22555456960765],[296.69559773374976],[310.6582626843295],[309.6657244623395],[310.9522548178774],"[(301.48312355151745, 'avg_dtg_val')]"
"['(0.75, 0.25, 0.25), steps']",[564],[605],[640],[672],[626],[750],[671],[809],[876],[696],"[(690.9, 'mean')]","[(564, 'min')]","[(876, 'max')]","[(2.927542372881356, 'rate exploration')]"
"['(0.75, 0.25, 0.25), states']",[236],[236],[236],[236],[236],[236],[236],[236],[236],[236]
"['(0.75, 0.25, 0.25), dtg_vals']",[182.35950075244844],[173.36071910855526],[166.69940022772923],[162.16869259136425],[167.53737192041064],[148.8729494953347],[162.89011146835807],[131.4084083344521],[120.84279617190299],[156.42913097345354],"[(157.2569081044009, 'avg_dtg_val')]"
"['(0.5, 0.5, 1), steps']",[591],[754],[921],[536],[591],[728],[589],[740],[657],[696],"[(680.3, 'mean')]","[(536, 'min')]","[(921, 'max')]","[(2.8826271186440677, 'rate exploration')]"
"['(0.5, 0.5, 1), states']",[236],[236],[236],[236],[236],[236],[236],[236],[236],[236]
"['(0.5, 0.5, 1), dtg_vals']",[220.60376540807607],[188.9865427239229],[159.66586124822146],[231.41722851425374],[221.47834406493237],[187.63157898115446],[218.23338955584552],[188.46591947381847],[209.77778441569347],[203.47546410686007],"[(202.97358784927786, 'avg_dtg_val')]"
"['(0.5, 0.75, 0.25), steps']",[648],[700],[841],[667],[1515],[736],[656],[644],[782],[1019],"[(820.8, 'mean')]","[(644, 'min')]","[(1515, 'max')]","[(3.477966101694915, 'rate exploration')]"
"['(0.5, 0.75, 0.25), states']",[236],[236],[236],[236],[236],[236],[236],[236],[236],[236]
"['(0.5, 0.75, 0.25), dtg_vals']",[312.93581316723777],[302.481890210278],[285.29843550634524],[308.9120837100923],[207.9183442261007],[296.4093746523907],[314.4996779856765],[309.5898498680972],[288.68926874911153],[267.15922427093403],"[(289.38939623462636, 'avg_dtg_val')]"
"['(0.75, 1, 0.1), steps']",[715],[915],[688],[661],[632],[634],[639],[640],[881],[729],"[(713.4, 'mean')]","[(632, 'min')]","[(915, 'max')]","[(3.022881355932203, 'rate exploration')]"
"['(0.75, 1, 0.1), states']",[236],[236],[236],[236],[236],[236],[236],[236],[236],[236]
"['(0.75, 1, 0.1), dtg_vals']",[421.1824934406872],[421.1796459866101],[421.18261413913757],[421.1833716151299],[421.18388966049986],[421.183916820703],[421.18384785380607],[421.1834678397332],[421.179650915653],[421.1831942391109],"[(421.18260925110707, 'avg_dtg_val')]"
"['(0.25, 0.75, 0.75), steps']",[857],[796],[691],[656],[764],[812],[643],[660],[729],[765],"[(737.3, 'mean')]","[(643, 'min')]","[(857, 'max')]","[(3.1241525423728813, 'rate exploration')]"
"['(0.25, 0.75, 0.75), states']",[236],[236],[236],[236],[236],[236],[236],[236],[236],[236]
"['(0.25, 0.75, 0.75), dtg_vals']",[127.78225162775053],[136.43358447850503],[154.31092127601374],[163.39796859243762],[143.22320121078224],[133.87926287364914],[169.66844126170596],[161.0560299361456],[154.49478307633436],[143.46975499596823],"[(148.77161993292924, 'avg_dtg_val')]"
"['(0.75, 1, 0.25), steps']",[788],[701],[739],[745],[988],[1067],[647],[637],[768],[713],"[(779.3, 'mean')]","[(637, 'min')]","[(1067, 'max')]","[(3.3021186440677965, 'rate exploration')]"
"['(0.75, 1, 0.25), states']",[236],[236],[236],[236],[236],[236],[236],[236],[236],[236]
"['(0.75, 1, 0.25), dtg_vals']",[347.65130278240525],[354.6076087708479],[350.0384239305021],[352.07605966711515],[328.42685368945826],[326.20600835113953],[359.2997936726058],[359.6448899565426],[348.4692311405965],[356.90595614019884],"[(348.33261281014114, 'avg_dtg_val')]"
"['(0.75, 0.1, 0.1), steps']",[845],[721],[652],[743],[781],[570],[687],[798],[606],[755],"[(715.8, 'mean')]","[(570, 'min')]","[(845, 'max')]","[(3.033050847457627, 'rate exploration')]"
"['(0.75, 0.1, 0.1), states']",[236],[236],[236],[236],[236],[236],[236],[236],[236],[236]
"['(0.75, 0.1, 0.1), dtg_vals']",[135.19227524853207],[154.69784395158172],[176.94819843610028],[154.60002699145502],[143.14416678047647],[183.53959633027853],[158.74793214032627],[143.3780465124354],[179.89629763543005],[142.35591026353114],"[(157.25002942901466, 'avg_dtg_val')]"
"['(0.5, 1.5, 1), steps']",[748],[982],[804],[926],[815],[867],[845],[580],[980],[658],"[(820.5, 'mean')]","[(580, 'min')]","[(982, 'max')]","[(3.4766949152542375, 'rate exploration')]"
"['(0.5, 1.5, 1), states']",[236],[236],[236],[236],[236],[236],[236],[236],[236],[236]
"['(0.5, 1.5, 1), dtg_vals']",[177.8416599162319],[139.7020461771982],[163.62562803584242],[144.79615851527845],[168.19887812964782],[162.46619601129072],[164.8988171942939],[213.64280058939391],[138.048275976428],[192.2066573890736],"[(166.54271179346787, 'avg_dtg_val')]"
"['(0.25, 1, 0.25), steps']",[843],[721],[639],[599],[560],[545],[757],[926],[664],[538],"[(679.2, 'mean')]","[(538, 'min')]","[(926, 'max')]","[(2.8779661016949154, 'rate exploration')]"
"['(0.25, 1, 0.25), states']",[236],[236],[236],[236],[236],[236],[236],[236],[236],[236]
"['(0.25, 1, 0.25), dtg_vals']",[339.287851402475],[350.6858544349858],[361.2112391074798],[362.82648982578024],[369.8132017972408],[369.6883781540444],[351.88633971491333],[335.9896424276326],[360.19436311635076],[372.15058772834266],"[(357.37339477092456, 'avg_dtg_val')]"
"['(0.25, 0.5, 0.5), steps']",[842],[774],[836],[736],[945],[701],[657],[625],[941],[817],"[(787.4, 'mean')]","[(625, 'min')]","[(945, 'max')]","[(3.3364406779661016, 'rate exploration')]"
"['(0.25, 0.5, 0.5), states']",[236],[236],[236],[236],[236],[236],[236],[236],[236],[236]
"['(0.25, 0.5, 0.5), dtg_vals']",[130.11034705010687],[142.56324581213696],[134.5434907246982],[147.29317306583854],[119.97458850338556],[156.75398643065608],[161.1795816611586],[167.0113192549203],[114.61708399084158],[134.0066470250671],"[(140.80534635188098, 'avg_dtg_val')]"
"['(0.75, 1.5, 1.5), steps']",[682],[664],[863],[958],[1275],[587],[815],[619],[895],[838],"[(819.6, 'mean')]","[(587, 'min')]","[(1275, 'max')]","[(3.4728813559322034, 'rate exploration')]"
"['(0.75, 1.5, 1.5), states']",[236],[236],[236],[236],[236],[236],[236],[236],[236],[236]
"['(0.75, 1.5, 1.5), dtg_vals']",[154.28411200751842],[157.3837605741543],[123.70041854798119],[113.76590061780412],[78.98749120277174],[174.0626853051667],[131.98773541059614],[174.32112556960888],[119.04974279482803],[128.60342419275847],"[(135.6146396223188, 'avg_dtg_val')]"
"['(0.75, 1.25, 1.5), steps']",[888],[795],[1063],[607],[654],[890],[560],[817],[805],[917],"[(799.6, 'mean')]","[(560, 'min')]","[(1063, 'max')]","[(3.388135593220339, 'rate exploration')]"
"['(0.75, 1.25, 1.5), states']",[236],[236],[236],[236],[236],[236],[236],[236],[236],[236]
"['(0.75, 1.25, 1.5), dtg_vals']",[129.8348394066206],[143.85222742688575],[102.77111821621939],[177.13895064626104],[165.8012545437369],[124.48246897563136],[182.21698138033162],[142.78238365270693],[144.33855252431508],[127.1971827710221],"[(144.04159595437307, 'avg_dtg_val')]"
"['(0.75, 0.5, 1.5), steps']",[668],[838],[701],[610],[668],[568],[565],[696],[720],[822],"[(685.6, 'mean')]","[(565, 'min')]","[(838, 'max')]","[(2.905084745762712, 'rate exploration')]"
"['(0.75, 0.5, 1.5), states']",[236],[236],[236],[236],[236],[236],[236],[236],[236],[236]
"['(0.75, 0.5, 1.5), dtg_vals']",[302.4009958730276],[274.4330145298857],[304.54466808043475],[316.81463239363063],[300.5536116930598],[322.6845847016435],[315.8664764105843],[300.6265008168334],[300.41347240859534],[285.91721498567796],"[(302.42551718933726, 'avg_dtg_val')]"
"['(0.25, 0.5, 0.1), steps']",[644],[589],[638],[729],[708],[650],[988],[889],[854],[566],"[(725.5, 'mean')]","[(566, 'min')]","[(988, 'max')]","[(3.0741525423728815, 'rate exploration')]"
"['(0.25, 0.5, 0.1), states']",[236],[236],[236],[236],[236],[236],[236],[236],[236],[236]
"['(0.25, 0.5, 0.1), dtg_vals']",[420.88793294869987],[420.88506384996583],[420.8973368130156],[420.82932512793667],[420.8271377746509],[420.88206149351095],[420.76281206167965],[420.7855005945977],[420.80721952963887],[420.91180056431466],"[(420.84761907580116, 'avg_dtg_val')]"
"['(0.5, 1.5, 1.25), steps']",[760],[883],[786],[789],[716],[663],[660],[845],[883],[593],"[(757.8, 'mean')]","[(593, 'min')]","[(883, 'max')]","[(3.211016949152542, 'rate exploration')]"
"['(0.5, 1.5, 1.25), states']",[236],[236],[236],[236],[236],[236],[236],[236],[236],[236]
"['(0.5, 1.5, 1.25), dtg_vals']",[154.91879120337953],[124.60227342814288],[145.5630139903691],[150.43347164348467],[156.17696836003128],[161.2763742356149],[164.6595461150089],[134.41732090738915],[122.99215318332084],[177.6615158999775],"[(149.27014289667187, 'avg_dtg_val')]"
"['(0.75, 0.75, 0.5), steps']",[603],[1135],[752],[569],[869],[588],[619],[1141],[756],[550],"[(758.2, 'mean')]","[(550, 'min')]","[(1141, 'max')]","[(3.21271186440678, 'rate exploration')]"
"['(0.75, 0.75, 0.5), states']",[236],[236],[236],[236],[236],[236],[236],[236],[236],[236]
"['(0.75, 0.75, 0.5), dtg_vals']",[186.56642574714746],[101.94499144561439],[157.9649061000073],[192.52285532336262],[138.57195990291387],[187.19847145069465],[181.91629827164212],[106.12925628997239],[158.5795112036936],[196.0314899807968],"[(160.7426165715845, 'avg_dtg_val')]"
"['(0.75, 1.25, 1), steps']",[692],[709],[672],[714],[804],[641],[674],[598],[663],[830],"[(699.7, 'mean')]","[(598, 'min')]","[(830, 'max')]","[(2.9648305084745763, 'rate exploration')]"
"['(0.75, 1.25, 1), states']",[236],[236],[236],[236],[236],[236],[236],[236],[236],[236]
"['(0.75, 1.25, 1), dtg_vals']",[166.88025555196526],[156.65246385362136],[159.96050799172357],[158.03624259010834],[142.37357475388743],[170.66718757654724],[170.07501470622657],[178.50982077150303],[167.51029162116237],[133.0950205395551],"[(160.37603799563004, 'avg_dtg_val')]"
"['(0.25, 1.25, 0.25), steps']",[976],[1072],[720],[860],[665],[1224],[649],[747],[1132],[701],"[(874.6, 'mean')]","[(649, 'min')]","[(1224, 'max')]","[(3.7059322033898305, 'rate exploration')]"
"['(0.25, 1.25, 0.25), states']",[236],[236],[236],[236],[236],[236],[236],[236],[236],[236]
"['(0.25, 1.25, 0.25), dtg_vals']",[377.89678732926575],[374.24483635147004],[388.70675387743717],[384.1930880477149],[390.6230209403905],[366.70897744299947],[390.6850889266502],[386.77048789859526],[369.2549824731146],[392.1651672945637],"[(382.12491905822014, 'avg_dtg_val')]"
"['(0.25, 1, 1.25), steps']",[614],[862],[732],[650],[778],[714],[692],[638],[663],[674],"[(701.7, 'mean')]","[(614, 'min')]","[(862, 'max')]","[(2.9733050847457627, 'rate exploration')]"
"['(0.25, 1, 1.25), states']",[236],[236],[236],[236],[236],[236],[236],[236],[236],[236]
"['(0.25, 1, 1.25), dtg_vals']",[180.5635379055951],[133.052883384294],[150.53599276559402],[177.10979622952854],[146.16629218065995],[152.91932482266648],[166.5035551978433],[179.09746178815402],[169.5645915271828],[158.86975821668452],"[(161.43831940182025, 'avg_dtg_val')]"
"['(0.25, 1, 1), steps']",[628],[665],[579],[729],[761],[757],[550],[696],[793],[662],"[(682.0, 'mean')]","[(550, 'min')]","[(793, 'max')]","[(2.889830508474576, 'rate exploration')]"
"['(0.25, 1, 1), states']",[236],[236],[236],[236],[236],[236],[236],[236],[236],[236]
"['(0.25, 1, 1), dtg_vals']",[169.01957949457238],[163.5812589437585],[177.37698703159145],[143.3062449139232],[135.35178688959692],[144.3332765842313],[180.3217257600048],[153.19288725407097],[135.97325874165423],[156.76155280056616],"[(155.92185584139702, 'avg_dtg_val')]"
"['(0.5, 0.75, 0.75), steps']",[536],[667],[645],[680],[564],[661],[663],[1226],[829],[855],"[(732.6, 'mean')]","[(536, 'min')]","[(1226, 'max')]","[(3.1042372881355935, 'rate exploration')]"
"['(0.5, 0.75, 0.75), states']",[236],[236],[236],[236],[236],[236],[236],[236],[236],[236]
"['(0.5, 0.75, 0.75), dtg_vals']",[184.9542588458025],[161.86758531229495],[172.61160787905186],[155.36331688247773],[180.79470689829895],[164.79354953023855],[165.10805750283322],[78.30748501381983],[130.7266071119702],[131.01375676566457],"[(152.55409317424522, 'avg_dtg_val')]"
"['(0.75, 0.1, 1.25), steps']",[847],[830],[588],[714],[792],[822],[640],[670],[774],[593],"[(727.0, 'mean')]","[(588, 'min')]","[(847, 'max')]","[(3.080508474576271, 'rate exploration')]"
"['(0.75, 0.1, 1.25), states']",[236],[236],[236],[236],[236],[236],[236],[236],[236],[236]
"['(0.75, 0.1, 1.25), dtg_vals']",[421.19055200380865],[421.19090150659997],[421.19153642526436],[421.19122312699426],[421.1908700193391],[421.1908850139546],[421.19123429553036],[421.1912491460138],[421.19088134067783],[421.1912832416246],"[(421.1910616119808, 'avg_dtg_val')]"
"['(0.25, 1.5, 1), steps']",[595],[1248],[618],[669],[669],[702],[650],[717],[952],[623],"[(744.3, 'mean')]","[(595, 'min')]","[(1248, 'max')]","[(3.1538135593220336, 'rate exploration')]"
"['(0.25, 1.5, 1), states']",[236],[236],[236],[236],[236],[236],[236],[236],[236],[236]
"['(0.25, 1.5, 1), dtg_vals']",[206.3319250736184],[107.43158036377592],[203.07908427936192],[191.26441248029911],[195.05774353064808],[179.19262182955669],[195.51483343146327],[182.49384893324483],[135.37717148670956],[199.27792379065795],"[(179.50211451993357, 'avg_dtg_val')]"
"['(0.75, 1.25, 1.25), steps']",[642],[596],[1187],[776],[641],[605],[646],[700],[697],[1027],"[(751.7, 'mean')]","[(596, 'min')]","[(1187, 'max')]","[(3.185169491525424, 'rate exploration')]"
"['(0.75, 1.25, 1.25), states']",[236],[236],[236],[236],[236],[236],[236],[236],[236],[236]
"['(0.75, 1.25, 1.25), dtg_vals']",[160.33445856975965],[172.14098633092382],[88.8614365236827],[142.0133751579941],[161.85838087223382],[173.65735867393514],[164.54010948384834],[153.3775983833427],[150.9810719656148],[101.606593082958],"[(146.9371369044293, 'avg_dtg_val')]"
"['(0.75, 0.5, 1), steps']",[794],[638],[637],[971],[726],[671],[813],[779],[568],[700],"[(729.7, 'mean')]","[(568, 'min')]","[(971, 'max')]","[(3.091949152542373, 'rate exploration')]"
"['(0.75, 0.5, 1), states']",[236],[236],[236],[236],[236],[236],[236],[236],[236],[236]
"['(0.75, 0.5, 1), dtg_vals']",[178.3121079497593],[209.20810103088064],[210.76785445642173],[150.17339138712705],[193.12785907688735],[204.25139583086593],[178.60104658473708],[180.18894421252998],[227.835086098307],[197.36034667908012],"[(192.9826133306596, 'avg_dtg_val')]"
"['(0.25, 0.25, 0.25), steps']",[1092],[698],[594],[625],[668],[829],[734],[804],[644],[575],"[(726.3, 'mean')]","[(575, 'min')]","[(1092, 'max')]","[(3.077542372881356, 'rate exploration')]"
"['(0.25, 0.25, 0.25), states']",[236],[236],[236],[236],[236],[236],[236],[236],[236],[236]
"['(0.25, 0.25, 0.25), dtg_vals']",[101.91776590183619],[162.49056076314633],[176.45061999142365],[170.37370229104],[155.24336096493113],[124.2809394616254],[147.2376508246419],[124.04824355112115],[166.7573785594034],[176.71170790715342],"[(150.55119302163226, 'avg_dtg_val')]"
"['(0.75, 0.25, 0.5), steps']",[772],[811],[1207],[804],[629],[798],[920],[796],[726],[595],"[(805.8, 'mean')]","[(595, 'min')]","[(1207, 'max')]","[(3.4144067796610167, 'rate exploration')]"
"['(0.75, 0.25, 0.5), states']",[236],[236],[236],[236],[236],[236],[236],[236],[236],[236]
"['(0.75, 0.25, 0.5), dtg_vals']",[222.28289771739668],[212.73917425922784],[159.74740506388926],[210.37134423438295],[247.21743971384248],[217.34876582053744],[197.3514213376063],[223.1776099031094],[229.70416555498397],[261.1219417572769],"[(218.1062165362253, 'avg_dtg_val')]"
"['(0.25, 0.1, 0.1), steps']",[754],[717],[595],[776],[925],[684],[573],[728],[851],[727],"[(733.0, 'mean')]","[(573, 'min')]","[(925, 'max')]","[(3.1059322033898304, 'rate exploration')]"
"['(0.25, 0.1, 0.1), states']",[236],[236],[236],[236],[236],[236],[236],[236],[236],[236]
"['(0.25, 0.1, 0.1), dtg_vals']",[148.43509812330925],[154.47566822514764],[182.2911785818205],[147.0016362622092],[119.01198407631313],[168.6134463069928],[186.2083754824188],[156.4624685035236],[138.92628169037187],[150.2958048051735],"[(155.17219420572803, 'avg_dtg_val')]"
"['(0.5, 1, 0.25), steps']",[784],[773],[628],[676],[889],[677],[611],[916],[760],[793],"[(750.7, 'mean')]","[(611, 'min')]","[(916, 'max')]","[(3.1809322033898306, 'rate exploration')]"
"['(0.5, 1, 0.25), states']",[236],[236],[236],[236],[236],[236],[236],[236],[236],[236]
"['(0.5, 1, 0.25), dtg_vals']",[348.43544639961107],[351.03641655181514],[358.3216127565935],[357.48498714705875],[336.48825703991065],[355.9266380440541],[363.476404008616],[337.1860809368109],[350.6716781007642],[344.7866229056887],"[(350.3814143890923, 'avg_dtg_val')]"
"['(0.75, 0.75, 1.5), steps']",[859],[624],[659],[843],[848],[817],[1198],[746],[1050],[690],"[(833.4, 'mean')]","[(624, 'min')]","[(1198, 'max')]","[(3.5313559322033896, 'rate exploration')]"
"['(0.75, 0.75, 1.5), states']",[236],[236],[236],[236],[236],[236],[236],[236],[236],[236]
"['(0.75, 0.75, 1.5), dtg_vals']",[205.77881763148542],[244.46415883034817],[232.99411769759135],[209.52489177245621],[203.11679838906932],[212.37137369080023],[154.9956434935228],[222.1281606228453],[174.77230539392596],[232.2246605532032],"[(209.23709280752482, 'avg_dtg_val')]"
"['(0.25, 1.25, 0.75), steps']",[872],[836],[716],[654],[650],[713],[685],[670],[874],[569],"[(723.9, 'mean')]","[(569, 'min')]","[(874, 'max')]","[(3.067372881355932, 'rate exploration')]"
"['(0.25, 1.25, 0.75), states']",[236],[236],[236],[236],[236],[236],[236],[236],[236],[236]
"['(0.25, 1.25, 0.75), dtg_vals']",[150.70209455676434],[161.0796191400885],[181.26348666939856],[194.75004020555897],[188.34277152535606],[183.63319198060984],[193.61334736338625],[194.28844550071764],[157.51836860244106],[213.52973433179702],"[(181.87210998761185, 'avg_dtg_val')]"
"['(0.75, 1, 1.25), steps']",[582],[566],[621],[769],[657],[747],[600],[748],[795],[751],"[(683.6, 'mean')]","[(566, 'min')]","[(795, 'max')]","[(2.8966101694915256, 'rate exploration')]"
"['(0.75, 1, 1.25), states']",[236],[236],[236],[236],[236],[236],[236],[236],[236],[236]
"['(0.75, 1, 1.25), dtg_vals']",[186.57041255292702],[180.99651258106178],[174.64478696687038],[150.94010124288278],[166.29544484327442],[151.58437059053162],[175.28693740892663],[150.55583991085453],[143.67954854485797],[154.40622529339976],"[(163.49601799355867, 'avg_dtg_val')]"
"['(0.5, 1.25, 0.25), steps']",[746],[965],[963],[680],[634],[1000],[750],[825],[736],[654],"[(795.3, 'mean')]","[(634, 'min')]","[(1000, 'max')]","[(3.369915254237288, 'rate exploration')]"
"['(0.5, 1.25, 0.25), states']",[236],[236],[236],[236],[236],[236],[236],[236],[236],[236]
"['(0.5, 1.25, 0.25), dtg_vals']",[386.93371491235257],[376.8354254456028],[375.94900627171575],[387.66069919843545],[393.75640091564856],[375.8254907192189],[387.9512430182555],[384.31346044761807],[388.08810284335897],[392.68201021538084],"[(384.99955539875873, 'avg_dtg_val')]"
"['(0.25, 1, 1.5), steps']",[734],[781],[789],[749],[565],[964],[800],[686],[799],[856],"[(772.3, 'mean')]","[(565, 'min')]","[(964, 'max')]","[(3.272457627118644, 'rate exploration')]"
"['(0.25, 1, 1.5), states']",[236],[236],[236],[236],[236],[236],[236],[236],[236],[236]
"['(0.25, 1, 1.5), dtg_vals']",[172.68334849596422],[166.35922306148166],[176.5460456038247],[176.46227926642308],[213.91694954669305],[143.462636435406],[165.8075685112874],[182.58418282429378],[166.31538916627338],[158.81187276246254],"[(172.294949567411, 'avg_dtg_val')]"
"['(0.25, 0.5, 1.5), steps']",[568],[692],[565],[711],[720],[708],[756],[1028],[584],[777],"[(710.9, 'mean')]","[(565, 'min')]","[(1028, 'max')]","[(3.01228813559322, 'rate exploration')]"
"['(0.25, 0.5, 1.5), states']",[236],[236],[236],[236],[236],[236],[236],[236],[236],[236]
"['(0.25, 0.5, 1.5), dtg_vals']",[320.5951900132226],[300.57280320743064],[321.5608763107257],[299.2798008024515],[295.74760472014907],[292.4964468473186],[293.6913121789669],[258.72625954431356],[317.2681467275343],[287.2183053777069],"[(298.715674572982, 'avg_dtg_val')]"
"['(0.5, 0.5, 0.75), steps']",[686],[693],[772],[584],[662],[732],[845],[743],[929],[674],"[(732.0, 'mean')]","[(584, 'min')]","[(929, 'max')]","[(3.1016949152542375, 'rate exploration')]"
"['(0.5, 0.5, 0.75), states']",[236],[236],[236],[236],[236],[236],[236],[236],[236],[236]
"['(0.5, 0.5, 0.75), dtg_vals']",[169.70975710517132],[173.68012569036517],[158.32973063233675],[187.1640729014809],[171.61034313256778],[161.98339326027028],[146.72079181984114],[159.35432183875253],[124.95071992773873],[177.16687547845694],"[(163.06701317869812, 'avg_dtg_val')]"
"['(0.5, 1.25, 0.1), steps']",[679],[604],[809],[856],[673],[742],[639],[645],[568],[743],"[(695.8, 'mean')]","[(568, 'min')]","[(856, 'max')]","[(2.9483050847457624, 'rate exploration')]"
"['(0.5, 1.25, 0.1), states']",[236],[236],[236],[236],[236],[236],[236],[236],[236],[236]
"['(0.5, 1.25, 0.1), dtg_vals']",[421.19119550674213],[421.1913795784754],[421.1907559426162],[421.19063997884524],[421.1912207193587],[421.19105368708523],[421.191347484587],[421.191292189765],[421.19146556966854],[421.1910120361677],"[(421.19113626933114, 'avg_dtg_val')]"
"['(0.5, 0.5, 0.5), steps']",[1025],[896],[629],[598],[580],[637],[990],[688],[589],[700],"[(733.2, 'mean')]","[(580, 'min')]","[(1025, 'max')]","[(3.106779661016949, 'rate exploration')]"
"['(0.5, 0.5, 0.5), states']",[236],[236],[236],[236],[236],[236],[236],[236],[236],[236]
"['(0.5, 0.5, 0.5), dtg_vals']",[106.91680651222698],[123.52711154461505],[167.4140849989494],[177.1848246117354],[182.49710293850592],[170.61192872379493],[99.85352762693354],[157.50310422447805],[173.34590801300317],[156.10041724825234],"[(151.49548164424948, 'avg_dtg_val')]"
"['(0.5, 1.5, 1.5), steps']",[716],[672],[699],[784],[656],[688],[723],[677],[813],[582],"[(701.0, 'mean')]","[(582, 'min')]","[(813, 'max')]","[(2.9703389830508473, 'rate exploration')]"
"['(0.5, 1.5, 1.5), states']",[236],[236],[236],[236],[236],[236],[236],[236],[236],[236]
"['(0.5, 1.5, 1.5), dtg_vals']",[145.80888060429385],[152.71429044673602],[151.03582999647952],[137.50107829558664],[160.00835296691736],[157.65029337536575],[148.63663385429703],[154.79678746981432],[133.3103755832919],[174.24525327932398],"[(151.57077758721064, 'avg_dtg_val')]"
"['(0.25, 0.1, 0.5), steps']",[946],[794],[826],[898],[1364],[978],[830],[826],[714],[632],"[(880.8, 'mean')]","[(632, 'min')]","[(1364, 'max')]","[(3.7322033898305085, 'rate exploration')]"
"['(0.25, 0.1, 0.5), states']",[236],[236],[236],[236],[236],[236],[236],[236],[236],[236]
"['(0.25, 0.1, 0.5), dtg_vals']",[420.7499066803042],[420.83037367429057],[420.8129903880843],[420.80184747574924],[420.6100745411783],[420.7448915027389],[420.8355141420677],[420.80306664190846],[420.8549902842514],[420.8946744157771],"[(420.793832974635, 'avg_dtg_val')]"
"['(0.75, 0.1, 1.5), steps']",[659],[715],[646],[687],[767],[731],[814],[638],[875],[830],"[(736.2, 'mean')]","[(638, 'min')]","[(875, 'max')]","[(3.119491525423729, 'rate exploration')]"
"['(0.75, 0.1, 1.5), states']",[236],[236],[236],[236],[236],[236],[236],[236],[236],[236]
"['(0.75, 0.1, 1.5), dtg_vals']",[421.1925875937149],[421.19256639895565],[421.192602915286],[421.1925959117195],[421.19255275282563],[421.1925914927413],[421.19253790146416],[421.1926067040328],[421.1925333901328],[421.1925425386236],"[(421.1925717599496, 'avg_dtg_val')]"
"['(0.25, 0.75, 1.25), steps']",[615],[634],[564],[586],[728],[667],[706],[662],[827],[736],"[(672.5, 'mean')]","[(564, 'min')]","[(827, 'max')]","[(2.8495762711864407, 'rate exploration')]"
"['(0.25, 0.75, 1.25), states']",[236],[236],[236],[236],[236],[236],[236],[236],[236],[236]
"['(0.25, 0.75, 1.25), dtg_vals']",[210.8366531534261],[201.68130129415152],[221.302346035652],[209.06569504663608],[186.65175561335062],[194.79498759001584],[181.19270165507402],[188.7776747251571],[162.9958995569338],[181.31969350052495],"[(193.8618708170922, 'avg_dtg_val')]"
"['(0.5, 1.25, 0.75), steps']",[683],[652],[771],[652],[727],[646],[670],[995],[636],[661],"[(709.3, 'mean')]","[(636, 'min')]","[(995, 'max')]","[(3.005508474576271, 'rate exploration')]"
"['(0.5, 1.25, 0.75), states']",[236],[236],[236],[236],[236],[236],[236],[236],[236],[236]
"['(0.5, 1.25, 0.75), dtg_vals']",[189.60566771497997],[198.820474597338],[170.9995937685461],[201.80780884847772],[179.70837151678356],[200.68078516262747],[192.32347871001815],[142.7039679425768],[203.4121405546628],[187.24876295644904],"[(186.73110517724598, 'avg_dtg_val')]"
"['(0.25, 1.25, 1.25), steps']",[709],[953],[599],[735],[696],[704],[759],[753],[874],[645],"[(742.7, 'mean')]","[(599, 'min')]","[(953, 'max')]","[(3.147033898305085, 'rate exploration')]"
"['(0.25, 1.25, 1.25), states']",[236],[236],[236],[236],[236],[236],[236],[236],[236],[236]
"['(0.25, 1.25, 1.25), dtg_vals']",[144.50968251283533],[118.53797493190328],[172.79978451775412],[144.8615606804165],[145.5322182665409],[154.7613097662482],[140.1841329674001],[137.84377515125175],[119.5460143250159],[166.24786427244],"[(144.4824317391806, 'avg_dtg_val')]"
"['(0.5, 0.5, 0.1), steps']",[638],[647],[680],[555],[731],[982],[648],[684],[552],[560],"[(667.7, 'mean')]","[(552, 'min')]","[(982, 'max')]","[(2.8292372881355936, 'rate exploration')]"
"['(0.5, 0.5, 0.1), states']",[236],[236],[236],[236],[236],[236],[236],[236],[236],[236]
"['(0.5, 0.5, 0.1), dtg_vals']",[420.9063379348035],[420.88787141806495],[420.88326109027656],[420.93209844969175],[420.834244323883],[420.7973141847097],[420.9143141557234],[420.86367543311854],[420.9412730294544],[420.93816070176075],"[(420.88985507214863, 'avg_dtg_val')]"
"['(0.25, 1.5, 0.1), steps']",[576],[725],[686],[901],[869],[865],[667],[721],[1092],[714],"[(781.6, 'mean')]","[(576, 'min')]","[(1092, 'max')]","[(3.311864406779661, 'rate exploration')]"
"['(0.25, 1.5, 0.1), states']",[236],[236],[236],[236],[236],[236],[236],[236],[236],[236]
"['(0.25, 1.5, 0.1), dtg_vals']",[421.19264849469533],[421.19255830640367],[421.1925922972604],[421.1925305914845],[421.19253150853086],[421.19251647126373],[421.19259683005055],[421.1925741572192],[421.19242109808897],[421.19257483404215],"[(421.1925544589038, 'avg_dtg_val')]"
"['(0.25, 0.1, 1), steps']",[778],[705],[855],[704],[854],[629],[553],[727],[643],[699],"[(714.7, 'mean')]","[(553, 'min')]","[(855, 'max')]","[(3.0283898305084747, 'rate exploration')]"
"['(0.25, 0.1, 1), states']",[236],[236],[236],[236],[236],[236],[236],[236],[236],[236]
"['(0.25, 0.1, 1), dtg_vals']",[421.1818562642556],[421.1827314806177],[421.1805744355293],[421.18352594345134],[421.1810933659392],[421.18376665065216],[421.18465237153805],[421.18318670553407],[421.1830738158446],[421.1832881172433],"[(421.1827749150605, 'avg_dtg_val')]"
"['(0.25, 0.5, 1.25), steps']",[616],[719],[894],[575],[1039],[785],[839],[665],[737],[1020],"[(788.9, 'mean')]","[(575, 'min')]","[(1039, 'max')]","[(3.3427966101694913, 'rate exploration')]"
"['(0.25, 0.5, 1.25), states']",[236],[236],[236],[236],[236],[236],[236],[236],[236],[236]
"['(0.25, 0.5, 1.25), dtg_vals']",[264.6108669720811],[241.39830319551234],[213.7179121415858],[264.51637407416604],[197.22427967064465],[234.86418868139518],[222.75227889211834],[249.18854528048726],[240.19237003636573],[200.19472308392247],"[(232.8659842028279, 'avg_dtg_val')]"
"['(0.75, 0.1, 1), steps']",[645],[1008],[586],[957],[770],[583],[770],[667],[720],[686],"[(739.2, 'mean')]","[(583, 'min')]","[(1008, 'max')]","[(3.132203389830509, 'rate exploration')]"
"['(0.75, 0.1, 1), states']",[236],[236],[236],[236],[236],[236],[236],[236],[236],[236]
"['(0.75, 0.1, 1), dtg_vals']",[421.1838370665672],[421.17936398361917],[421.1845367286576],[421.1793637577569],[421.1824080698969],[421.1846695880951],[421.1818756165526],[421.18283531405046],[421.18218966572005],[421.1835521917308],"[(421.18246319826466, 'avg_dtg_val')]"
"['(0.5, 0.1, 0.75), steps']",[671],[709],[632],[674],[852],[562],[1108],[667],[832],[559],"[(726.6, 'mean')]","[(559, 'min')]","[(1108, 'max')]","[(3.078813559322034, 'rate exploration')]"
"['(0.5, 0.1, 0.75), states']",[236],[236],[236],[236],[236],[236],[236],[236],[236],[236]
"['(0.5, 0.1, 0.75), dtg_vals']",[421.1453045681486],[421.1420550010958],[421.1446757196163],[421.14244263522045],[421.1326195697824],[421.154071585933],[421.11533416338017],[421.14072858876824],[421.1349197881522],[421.15260238191695],"[(421.14047540020147, 'avg_dtg_val')]"
"['(0.5, 0.25, 0.25), steps']",[605],[707],[552],[657],[705],[646],[834],[837],[837],[772],"[(715.2, 'mean')]","[(552, 'min')]","[(837, 'max')]","[(3.0305084745762714, 'rate exploration')]"
"['(0.5, 0.25, 0.25), states']",[236],[236],[236],[236],[236],[236],[236],[236],[236],[236]
"['(0.5, 0.25, 0.25), dtg_vals']",[174.32328774547025],[150.68810620704807],[186.8579398505069],[163.45499536461844],[155.49474962321267],[168.3607235226454],[130.40085919902918],[130.79499651575733],[131.57840608625014],[140.4639209225408],"[(153.24179850370794, 'avg_dtg_val')]"
"['(0.25, 0.5, 0.25), steps']",[1166],[587],[684],[751],[677],[742],[931],[840],[584],[624],"[(758.6, 'mean')]","[(584, 'min')]","[(1166, 'max')]","[(3.214406779661017, 'rate exploration')]"
"['(0.25, 0.5, 0.25), states']",[236],[236],[236],[236],[236],[236],[236],[236],[236],[236]
"['(0.25, 0.5, 0.25), dtg_vals']",[168.78844650973457],[260.09817565120903],[236.2958159658839],[223.9316945658513],[237.65063062492433],[224.20755977841677],[198.80302803054198],[211.5735206876739],[258.05846026817136],[244.67933564671776],"[(226.40866677291245, 'avg_dtg_val')]"
"['(0.75, 1, 1), steps']",[624],[730],[564],[581],[862],[667],[681],[935],[980],[667],"[(729.1, 'mean')]","[(564, 'min')]","[(980, 'max')]","[(3.089406779661017, 'rate exploration')]"
"['(0.75, 1, 1), states']",[236],[236],[236],[236],[236],[236],[236],[236],[236],[236]
"['(0.75, 1, 1), dtg_vals']",[168.6069298975908],[143.3393714593174],[176.0688409023301],[175.79484736012463],[129.34843713486697],[156.1646808838799],[158.30963586281908],[116.848626057026],[108.37111001247719],[163.1871720881915],"[(149.60396516586235, 'avg_dtg_val')]"
"['(0.5, 0.1, 0.25), steps']",[848],[762],[677],[717],[921],[782],[820],[996],[736],[586],"[(784.5, 'mean')]","[(586, 'min')]","[(996, 'max')]","[(3.3241525423728815, 'rate exploration')]"
"['(0.5, 0.1, 0.25), states']",[236],[236],[236],[236],[236],[236],[236],[236],[236],[236]
"['(0.5, 0.1, 0.25), dtg_vals']",[406.98193423376296],[408.54337827088597],[409.1356896122151],[408.76390322685984],[405.85302925097596],[407.2827039536885],[407.10840266836715],[404.28118755085245],[409.01712317910204],[410.298350299609],"[(407.72657022463187, 'avg_dtg_val')]"
"['(0.5, 1.5, 0.5), steps']",[678],[648],[638],[665],[936],[672],[775],[796],[660],[766],"[(723.4, 'mean')]","[(638, 'min')]","[(936, 'max')]","[(3.0652542372881353, 'rate exploration')]"
"['(0.5, 1.5, 0.5), states']",[236],[236],[236],[236],[236],[236],[236],[236],[236],[236]
"['(0.5, 1.5, 0.5), dtg_vals']",[307.50055689627465],[308.4212212683752],[308.28905005456596],[301.45458975394865],[271.78961504767517],[305.55452316239894],[286.3203536519998],[282.86591105845207],[303.4406893979219],[290.9614500039346],"[(296.65979602955474, 'avg_dtg_val')]"
"['(0.25, 0.5, 0.75), steps']",[729],[579],[628],[779],[592],[660],[805],[634],[714],[760],"[(688.0, 'mean')]","[(579, 'min')]","[(805, 'max')]","[(2.9152542372881354, 'rate exploration')]"
"['(0.25, 0.5, 0.75), states']",[236],[236],[236],[236],[236],[236],[236],[236],[236],[236]
"['(0.25, 0.5, 0.75), dtg_vals']",[156.76528319790626],[185.5873739036939],[182.98531263463101],[151.88838285518753],[190.0565088520062],[179.45493204172743],[150.50252250039838],[186.56088420871757],[159.57563566371158],[156.09275068337573],"[(169.94695865413556, 'avg_dtg_val')]"
"['(0.25, 0.75, 0.5), steps']",[782],[651],[647],[971],[949],[660],[719],[618],[683],[878],"[(755.8, 'mean')]","[(618, 'min')]","[(971, 'max')]","[(3.202542372881356, 'rate exploration')]"
"['(0.25, 0.75, 0.5), states']",[236],[236],[236],[236],[236],[236],[236],[236],[236],[236]
"['(0.25, 0.75, 0.5), dtg_vals']",[150.74631866458924],[182.91426609185882],[181.6583716707963],[115.97722122834692],[133.62385607442553],[177.3148502571656],[166.176586139429],[180.85683543545562],[164.3519775582287],[133.00538491423725],"[(158.6625668034533, 'avg_dtg_val')]"
"['(0.25, 1.25, 0.1), steps']",[796],[608],[620],[618],[826],[1081],[649],[910],[700],[637],"[(744.5, 'mean')]","[(608, 'min')]","[(1081, 'max')]","[(3.1546610169491527, 'rate exploration')]"
"['(0.25, 1.25, 0.1), states']",[236],[236],[236],[236],[236],[236],[236],[236],[236],[236]
"['(0.25, 1.25, 0.1), dtg_vals']",[421.1907518790414],[421.1914168404446],[421.19139270854566],[421.1912855952698],[421.1908616960409],[421.19009674810627],[421.1911548252598],[421.19053856894516],[421.191134999553],[421.19122561825964],"[(421.1909859479467, 'avg_dtg_val')]"
"['(0.25, 0.1, 1.25), steps']",[640],[946],[761],[627],[616],[939],[644],[896],[845],[625],"[(753.9, 'mean')]","[(616, 'min')]","[(946, 'max')]","[(3.1944915254237287, 'rate exploration')]"
"['(0.25, 0.1, 1.25), states']",[236],[236],[236],[236],[236],[236],[236],[236],[236],[236]
"['(0.25, 0.1, 1.25), dtg_vals']",[421.1912959285451],[421.19041856692223],[421.1909513371911],[421.19125053582985],[421.1913638991165],[421.19055614019317],[421.1912959715991],[421.1906853111436],[421.1907239109726],[421.1912333438071],"[(421.19097749453204, 'avg_dtg_val')]"
"['(0.75, 0.1, 0.25), steps']",[670],[945],[589],[635],[811],[715],[654],[659],[968],[762],"[(740.8, 'mean')]","[(589, 'min')]","[(968, 'max')]","[(3.1389830508474574, 'rate exploration')]"
"['(0.75, 0.1, 0.25), states']",[236],[236],[236],[236],[236],[236],[236],[236],[236],[236]
"['(0.75, 0.1, 0.25), dtg_vals']",[409.3650321114004],[405.5896799875135],[411.13151599900215],[410.0980851363558],[407.0922979910945],[408.64934530283494],[410.11529849796904],[410.2455206132808],[404.93845667616614],[408.29127716486346],"[(408.55165094804806, 'avg_dtg_val')]"
"['(0.5, 0.25, 0.1), steps']",[721],[697],[669],[637],[720],[959],[779],[686],[741],[644],"[(725.3, 'mean')]","[(637, 'min')]","[(959, 'max')]","[(3.0733050847457624, 'rate exploration')]"
"['(0.5, 0.25, 0.1), states']",[236],[236],[236],[236],[236],[236],[236],[236],[236],[236]
"['(0.5, 0.25, 0.1), dtg_vals']",[408.4644525232885],[409.6527552430411],[408.87516693013464],[409.84311684992923],[409.96905921523785],[404.2882984386673],[407.9029222590581],[410.64274842560326],[408.7607734694279],[409.7824933217049],"[(408.81817866760923, 'avg_dtg_val')]"
"['(0.75, 0.75, 1), steps']",[596],[1060],[602],[641],[547],[940],[528],[683],[765],[872],"[(723.4, 'mean')]","[(528, 'min')]","[(1060, 'max')]","[(3.0652542372881353, 'rate exploration')]"
"['(0.75, 0.75, 1), states']",[236],[236],[236],[236],[236],[236],[236],[236],[236],[236]
"['(0.75, 0.75, 1), dtg_vals']",[182.67552503481042],[104.13440420521289],[184.0444775812212],[178.35180863588803],[191.71953793833626],[127.46570189221435],[193.1297473189099],[163.23068459259042],[155.95671189424334],[132.06605917365718],"[(161.27746582670838, 'avg_dtg_val')]"
